order_id,order_date,customer_id,city,product_id,category,quantity,selling_price,discount,payment_type,delivery_time
90001,2024-03-08,10052,Pune,5084,Fashion,2,155.91,0,COD,30
90002,2024-08-23,10354,Hyderabad,5061,Electronics,4,604.04,0,COD,40
90003,2024-03-15,10448,Chennai,5096,Electronics,2,733.54,0,Card,99
90004,2024-03-01,10395,Bangalore,5041,Electronics,1,178.91,0,Card,94
90005,2024-09-05,10403,Pune,5151,Fashion,2,535.06,5,COD,79
90006,2024-09-06,10362,Bangalore,5168,Electronics,2,502.03,20,Card,62
90007,2024-12-07,10760,Pune,5134,Food,1,137.97,0,COD,93
90008,2024-02-17,10038,Delhi,5106,Food,4,816.76,0,UPI,48
90009,2024-12-09,10148,Mumbai,5106,Grocery,4,642.39,5,COD,76
90010,2024-11-07,10614,Delhi,5182,Food,4,220.03,10,Wallet,53
90011,2024-06-04,10710,Delhi,5083,Electronics,1,653.2,10,COD,33
90012,2024-03-22,10675,Chennai,5094,Food,3,851.3,5,Wallet,42
90013,2024-08-28,10696,Pune,5152,Grocery,2,957.88,20,COD,48
90014,2024-12-06,10047,Hyderabad,5149,Fashion,1,964.37,0,UPI,20
90015,2024-10-16,10512,Delhi,5165,Food,4,473.79,5,UPI,20
90016,2024-02-15,10487,Hyderabad,5046,Food,1,1090.54,5,COD,77
90017,2024-04-14,10796,Chennai,5122,Food,2,745.24,5,COD,80
90018,2024-04-16,10662,Mumbai,5083,Food,3,621.11,5,Card,106
90019,2024-11-11,10272,Delhi,5043,Fashion,4,296.68,0,UPI,93
90020,2024-12-14,10554,Mumbai,5024,Food,2,463.47,0,UPI,54
90021,2024-07-02,10122,Mumbai,5127,Food,2,752.17,10,Wallet,56
90022,2024-02-17,10230,Delhi,5144,Grocery,4,286.69,10,Wallet,27
90023,2024-06-04,10742,Hyderabad,5192,Electronics,1,690.27,5,UPI,105
90024,2024-01-07,10430,Delhi,5001,Electronics,3,710.23,0,Card,69
90025,2024-11-11,10674,Chennai,5043,Electronics,3,250.04,5,UPI,112
90026,2024-12-22,10068,Bangalore,5173,Grocery,1,494.23,0,COD,99
90027,2024-01-24,10263,Delhi,5006,Electronics,2,172.93,0,Wallet,61
90028,2024-10-06,10277,Pune,5122,Fashion,1,802.38,15,Wallet,72
90029,2024-02-28,10743,Delhi,5186,Fashion,4,206.57,0,Card,68
90030,2024-09-17,10769,Delhi,5052,Food,4,407.54,20,COD,39
90031,2024-10-06,10250,Bangalore,5123,Electronics,2,585.7,5,Wallet,108
90032,2024-06-29,10652,Bangalore,5011,Food,2,698.08,0,UPI,94
90033,2024-02-19,10798,Delhi,5060,Food,4,262.83,0,Wallet,28
90034,2024-11-04,10522,Hyderabad,5087,Electronics,4,364.56,0,UPI,95
90035,2024-07-29,10559,Chennai,5098,Fashion,1,500.76,10,Wallet,43
90036,2024-06-16,10619,Chennai,5200,Grocery,3,429.95,15,Card,77
90037,2024-08-01,10750,Bangalore,5149,Fashion,3,948.14,10,COD,82
90038,2024-07-04,10416,Delhi,5152,Grocery,1,1004.5,10,Card,52
90039,2024-04-09,10107,Bangalore,5182,Food,3,189.0,0,UPI,29
90040,2024-04-09,10496,Hyderabad,5004,Grocery,1,846.6,5,COD,117
90041,2024-07-03,10647,Bangalore,5089,Fashion,1,466.33,5,COD,68
90042,2024-01-10,10411,Mumbai,5195,Electronics,1,159.63,0,Card,80
90043,2024-05-12,10252,Pune,5188,Food,2,113.96,15,UPI,62
90044,2024-04-29,10041,Chennai,5057,Food,3,718.52,0,Wallet,45
90045,2024-12-24,10776,Chennai,5052,Fashion,2,478.96,10,COD,65
90046,2024-12-28,10561,Hyderabad,5180,Grocery,2,600.91,5,Card,94
90047,2024-04-20,10474,Chennai,5020,Fashion,4,766.58,20,COD,55
90048,2024-02-06,10692,Chennai,5022,Fashion,1,160.27,0,Wallet,107
90049,2024-03-03,10037,Delhi,5028,Grocery,2,837.15,0,UPI,51
90050,2024-09-14,10580,Bangalore,5069,Fashion,1,117.65,0,Card,94
90051,2024-03-29,10685,Delhi,5088,Grocery,3,156.79,20,Wallet,57
90052,2024-01-23,10201,Delhi,5193,Electronics,1,204.72,10,UPI,44
90053,2024-07-13,10510,Chennai,5010,Grocery,1,514.66,5,Wallet,90
90054,2024-05-25,10496,Hyderabad,5018,Electronics,4,916.41,0,COD,30
90055,2024-06-19,10585,Hyderabad,5010,Electronics,2,633.53,0,Wallet,70
90056,2024-01-29,10663,Pune,5191,Food,3,393.68,0,Card,26
90057,2024-07-30,10196,Hyderabad,5199,Fashion,3,426.47,10,UPI,86
90058,2024-06-15,10539,Pune,5159,Grocery,1,831.02,0,UPI,54
90059,2024-07-31,10576,Chennai,5048,Electronics,1,134.31,5,COD,69
90060,2024-05-04,10570,Bangalore,5047,Fashion,2,548.4,0,Card,73
90061,2024-07-13,10596,Chennai,5164,Food,2,630.48,5,COD,103
90062,2024-04-02,10395,Bangalore,5156,Food,3,926.88,15,Wallet,82
90063,2024-12-30,10746,Chennai,5145,Fashion,3,223.69,10,COD,65
90064,2024-05-15,10413,Bangalore,5070,Food,2,638.17,0,Wallet,100
90065,2024-12-14,10501,Mumbai,5075,Fashion,3,97.29,10,Card,23
90066,2024-01-23,10189,Bangalore,5009,Electronics,4,689.94,10,UPI,30
90067,2024-09-27,10173,Pune,5134,Electronics,4,178.02,0,UPI,50
90068,2024-08-15,10348,Hyderabad,5107,Grocery,2,560.23,20,Card,78
90069,2024-03-26,10276,Mumbai,5159,Fashion,4,964.24,0,Wallet,38
90070,2024-04-22,10282,Delhi,5142,Electronics,1,959.69,0,COD,111
90071,2024-03-13,10680,Chennai,5022,Electronics,3,147.11,0,Wallet,60
90072,2024-05-09,10165,Hyderabad,5026,Grocery,2,720.85,0,Card,20
90073,2024-08-29,10416,Delhi,5007,Fashion,3,562.56,10,Wallet,68
90074,2024-03-09,10356,Pune,5054,Grocery,4,254.49,0,COD,106
90075,2024-05-13,10599,Pune,5084,Electronics,3,164.33,0,COD,66
90076,2024-03-16,10782,Hyderabad,5040,Fashion,4,508.67,10,Wallet,27
90077,2024-03-14,10285,Chennai,5132,Food,2,207.0,20,Card,50
90078,2024-09-30,10179,Delhi,5010,Food,1,566.76,15,UPI,53
90079,2024-04-10,10605,Bangalore,5199,Electronics,1,376.88,0,Card,59
90080,2024-05-26,10639,Mumbai,5012,Food,2,433.92,15,COD,49
90081,2024-10-08,10257,Mumbai,5077,Grocery,3,300.56,0,COD,65
90082,2024-03-15,10456,Chennai,5174,Electronics,3,757.62,20,Wallet,30
90083,2024-05-09,10341,Hyderabad,5078,Fashion,2,199.53,20,UPI,80
90084,2024-03-21,10169,Chennai,5159,Fashion,2,787.1,5,COD,48
90085,2024-04-13,10434,Pune,5127,Fashion,1,1061.79,0,UPI,57
90086,2024-06-11,10508,Mumbai,5119,Electronics,1,982.14,15,COD,80
90087,2024-01-16,10389,Mumbai,5191,Electronics,2,495.95,5,Wallet,44
90088,2024-11-30,10593,Chennai,5157,Electronics,3,528.91,5,COD,48
90089,2024-09-20,10020,Bangalore,5167,Electronics,3,779.79,15,COD,38
90090,2024-02-05,10359,Mumbai,5070,Grocery,1,547.84,10,UPI,119
90091,2024-01-17,10248,Hyderabad,5139,Grocery,4,376.04,0,COD,70
90092,2024-08-11,10586,Delhi,5023,Grocery,3,745.19,0,Wallet,96
90093,2024-05-29,10206,Mumbai,5135,Electronics,3,628.78,0,UPI,34
90094,2024-09-10,10201,Delhi,5014,Food,2,367.2,5,COD,116
90095,2024-10-14,10107,Bangalore,5021,Fashion,2,179.2,0,COD,41
90096,2024-11-08,10695,Pune,5169,Electronics,3,170.7,0,UPI,73
90097,2024-02-10,10682,Pune,5065,Fashion,2,939.06,5,Wallet,79
90098,2024-09-07,10739,Pune,5004,Electronics,2,948.78,0,COD,22
90099,2024-03-07,10785,Bangalore,5090,Grocery,2,325.36,15,UPI,69
90100,2024-05-20,10489,Pune,5052,Food,1,342.46,5,Card,34
90101,2024-01-20,10292,Pune,5137,Food,4,326.67,15,COD,45
90102,2024-08-16,10034,Chennai,5171,Electronics,3,121.08,0,UPI,104
90103,2024-12-12,10230,Delhi,5015,Food,3,171.67,15,Wallet,55
90104,2024-03-20,10247,Bangalore,5114,Grocery,1,1008.91,0,Card,116
90105,2024-05-15,10025,Mumbai,5072,Fashion,3,299.36,10,Wallet,94
90106,2024-10-30,10198,Pune,5157,Fashion,1,501.66,10,Card,99
90107,2024-12-25,10139,Delhi,5158,Food,4,879.59,15,Wallet,85
90108,2024-09-21,10122,Mumbai,5067,Grocery,2,142.6,0,Card,33
90109,2024-10-26,10461,Mumbai,5117,Food,2,827.75,10,Wallet,83
90110,2024-04-06,10743,Delhi,5046,Grocery,4,933.56,5,COD,37
90111,2024-07-21,10271,Pune,5092,Fashion,4,667.77,5,UPI,40
90112,2024-11-22,10100,Pune,5020,Fashion,3,578.53,5,UPI,37
90113,2024-03-16,10680,Chennai,5151,Fashion,4,475.27,0,COD,23
90114,2024-12-18,10191,Delhi,5045,Fashion,3,165.62,10,Card,47
90115,2024-10-06,10446,Hyderabad,5073,Grocery,1,325.77,15,Card,43
90116,2024-08-21,10377,Pune,5071,Fashion,1,139.89,5,UPI,82
90117,2024-12-24,10354,Hyderabad,5002,Grocery,2,408.95,5,UPI,65
90118,2024-12-24,10572,Hyderabad,5187,Electronics,1,895.13,0,UPI,59
90119,2024-08-16,10612,Mumbai,5141,Fashion,1,256.73,20,UPI,53
90120,2024-04-28,10718,Mumbai,5080,Grocery,2,575.57,0,Card,112
90121,2024-05-03,10669,Bangalore,5048,Electronics,2,142.46,0,Wallet,58
90122,2024-03-16,10689,Chennai,5055,Food,2,526.61,5,COD,69
90123,2024-01-24,10729,Chennai,5131,Food,1,455.06,5,Card,114
90124,2024-12-05,10550,Hyderabad,5077,Electronics,4,290.62,20,Card,115
90125,2024-09-03,10299,Hyderabad,5191,Grocery,2,425.4,10,Wallet,34
90126,2024-07-24,10571,Pune,5177,Grocery,4,793.58,10,COD,113
90127,2024-10-04,10719,Mumbai,5136,Food,3,258.1,10,Wallet,109
90128,2024-04-12,10716,Pune,5060,Electronics,1,232.18,0,Wallet,62
90129,2024-08-05,10200,Chennai,5176,Electronics,2,686.07,15,Wallet,41
90130,2024-04-24,10715,Delhi,5057,Electronics,3,661.13,20,UPI,104
90131,2024-01-23,10770,Mumbai,5150,Electronics,4,134.14,5,UPI,20
90132,2024-12-19,10619,Chennai,5020,Food,4,625.82,15,Card,38
90133,2024-02-17,10262,Hyderabad,5002,Fashion,4,362.6,10,UPI,49
90134,2024-06-30,10306,Delhi,5049,Grocery,3,345.7,15,Wallet,50
90135,2024-07-12,10385,Pune,5117,Electronics,3,917.43,10,COD,109
90136,2024-04-14,10753,Delhi,5130,Fashion,4,705.83,20,Card,42
90137,2024-07-15,10617,Bangalore,5047,Grocery,1,593.98,0,Card,56
90138,2024-05-21,10321,Mumbai,5097,Food,3,1056.13,10,COD,52
90139,2024-01-24,10744,Delhi,5131,Electronics,2,554.04,10,Card,116
90140,2024-05-08,10784,Chennai,5030,Electronics,1,457.4,10,Wallet,97
90141,2024-12-13,10639,Mumbai,5064,Fashion,1,770.17,0,UPI,43
90142,2024-06-09,10284,Bangalore,5141,Grocery,4,276.68,0,Wallet,94
90143,2024-02-28,10168,Chennai,5110,Grocery,4,642.27,15,Wallet,88
90144,2024-09-19,10048,Bangalore,5140,Food,2,442.36,0,UPI,90
90145,2024-12-01,10177,Delhi,5135,Grocery,2,764.96,15,COD,67
90146,2024-05-30,10343,Bangalore,5047,Electronics,2,584.3,0,COD,24
90147,2024-12-11,10702,Chennai,5109,Electronics,3,765.24,0,UPI,101
90148,2024-12-02,10035,Chennai,5082,Grocery,4,793.68,5,Card,42
90149,2024-09-18,10504,Pune,5051,Electronics,4,826.22,5,Wallet,60
90150,2024-06-14,10254,Pune,5082,Grocery,2,912.72,15,COD,20
90151,2024-03-24,10276,Mumbai,5123,Electronics,1,544.45,0,UPI,112
90152,2024-01-21,10140,Bangalore,5059,Electronics,2,493.4,20,UPI,93
90153,2024-08-22,10131,Chennai,5096,Electronics,4,852.7,0,Card,116
90154,2024-05-06,10725,Mumbai,5161,Electronics,4,262.83,10,COD,33
90155,2024-08-22,10371,Bangalore,5012,Electronics,4,435.32,15,UPI,64
90156,2024-04-10,10692,Chennai,5200,Electronics,2,379.5,5,Card,84
90157,2024-09-06,10346,Bangalore,5011,Grocery,3,516.26,0,Wallet,36
90158,2024-04-29,10211,Mumbai,5073,Food,4,312.03,5,Wallet,80
90159,2024-10-28,10638,Pune,5004,Electronics,3,726.68,20,Card,103
90160,2024-01-22,10732,Hyderabad,5068,Fashion,1,353.77,0,COD,53
90161,2024-06-30,10053,Bangalore,5150,Food,3,95.92,5,Card,83
90162,2024-05-03,10290,Pune,5045,Grocery,4,182.99,0,Card,41
90163,2024-12-03,10079,Chennai,5007,Electronics,1,639.74,0,COD,64
90164,2024-04-25,10151,Bangalore,5055,Fashion,4,609.03,0,Wallet,77
90165,2024-11-18,10792,Pune,5066,Grocery,1,540.57,5,COD,58
90166,2024-04-14,10357,Chennai,5194,Fashion,1,672.37,15,Wallet,99
90167,2024-01-06,10074,Bangalore,5096,Electronics,3,799.33,15,Card,106
90168,2024-12-16,10516,Bangalore,5100,Food,3,956.1,10,Wallet,95
90169,2024-02-20,10623,Hyderabad,5008,Food,1,859.79,15,UPI,37
90170,2024-10-26,10098,Delhi,5060,Food,1,209.95,10,Card,83
90171,2024-11-05,10443,Delhi,5154,Fashion,1,399.07,5,UPI,49
90172,2024-05-26,10714,Delhi,5062,Food,1,525.15,0,UPI,80
90173,2024-12-13,10159,Delhi,5010,Fashion,4,647.77,5,COD,93
90174,2024-08-09,10618,Mumbai,5118,Food,1,1072.24,10,Card,47
90175,2024-03-20,10262,Hyderabad,5146,Grocery,1,69.92,5,COD,52
90176,2024-10-08,10356,Pune,5120,Electronics,2,344.65,10,Card,88
90177,2024-01-27,10203,Mumbai,5076,Grocery,3,510.79,15,UPI,52
90178,2024-07-15,10413,Bangalore,5083,Electronics,1,609.02,0,Card,54
90179,2024-08-01,10418,Pune,5005,Fashion,3,248.45,20,Wallet,71
90180,2024-02-28,10057,Pune,5012,Food,3,545.74,0,Wallet,72
90181,2024-01-19,10477,Bangalore,5177,Fashion,2,735.74,0,Card,104
90182,2024-09-20,10025,Mumbai,5133,Food,3,869.47,0,COD,100
90183,2024-08-18,10025,Mumbai,5182,Food,1,185.33,20,Card,96
90184,2024-01-25,10036,Mumbai,5027,Food,4,170.62,5,Card,99
90185,2024-08-10,10310,Delhi,5122,Grocery,4,780.8,10,Wallet,30
90186,2024-03-10,10002,Delhi,5027,Fashion,1,157.28,10,Wallet,73
90187,2024-06-16,10691,Delhi,5050,Fashion,4,116.97,5,Card,80
90188,2024-02-22,10070,Chennai,5090,Electronics,2,263.86,0,Card,40
90189,2024-05-24,10533,Hyderabad,5119,Electronics,3,837.51,15,Wallet,118
90190,2024-08-24,10680,Chennai,5080,Electronics,1,687.58,0,Card,96
90191,2024-06-05,10541,Delhi,5197,Fashion,1,687.82,5,Wallet,86
90192,2024-03-15,10164,Chennai,5031,Food,3,160.8,5,Card,21
90193,2024-12-21,10137,Chennai,5193,Grocery,3,201.89,5,Wallet,50
90194,2024-09-02,10683,Hyderabad,5129,Electronics,1,881.16,0,Card,100
90195,2024-05-18,10076,Hyderabad,5076,Grocery,2,469.46,0,Wallet,66
90196,2024-05-14,10231,Pune,5029,Fashion,3,258.81,5,Wallet,51
90197,2024-11-13,10544,Hyderabad,5001,Electronics,1,701.31,15,UPI,49
90198,2024-08-06,10540,Bangalore,5083,Grocery,4,514.46,15,UPI,101
90199,2024-02-12,10363,Chennai,5009,Food,4,656.37,5,COD,102
90200,2024-11-10,10046,Chennai,5129,Grocery,2,742.2,5,COD,73
90201,2024-06-03,10021,Chennai,5175,Grocery,2,853.78,10,Card,69
90202,2024-11-16,10230,Delhi,5165,Fashion,4,416.48,10,Card,98
90203,2024-10-29,10238,Chennai,5049,Electronics,3,444.19,20,UPI,27
90204,2024-03-07,10077,Delhi,5084,Grocery,3,179.58,5,COD,85
90205,2024-08-11,10657,Delhi,5007,Electronics,1,573.27,5,COD,32
90206,2024-11-20,10089,Mumbai,5075,Electronics,2,106.73,5,UPI,70
90207,2024-11-10,10040,Hyderabad,5037,Food,2,99.62,0,Wallet,118
90208,2024-04-15,10090,Bangalore,5100,Food,4,1067.02,20,UPI,34
90209,2024-11-12,10238,Chennai,5002,Electronics,3,329.18,10,UPI,25
90210,2024-04-30,10118,Mumbai,5007,Fashion,3,589.19,0,Card,82
90211,2024-06-06,10666,Mumbai,5158,Fashion,1,764.62,10,COD,30
90212,2024-06-05,10717,Pune,5077,Grocery,1,314.17,5,UPI,50
90213,2024-02-23,10379,Bangalore,5047,Fashion,4,692.01,5,COD,97
90214,2024-06-05,10581,Bangalore,5106,Grocery,3,664.15,15,Wallet,55
90215,2024-01-13,10485,Chennai,5185,Fashion,3,84.48,10,COD,94
90216,2024-07-20,10279,Chennai,5140,Fashion,4,455.81,15,Wallet,85
90217,2024-01-02,10177,Delhi,5200,Electronics,2,344.36,0,COD,39
90218,2024-07-27,10245,Hyderabad,5080,Food,3,718.9,0,UPI,107
90219,2024-08-02,10797,Mumbai,5191,Electronics,1,400.41,0,UPI,84
90220,2024-03-04,10094,Hyderabad,5187,Food,2,847.34,20,COD,67
90221,2024-04-19,10671,Bangalore,5082,Fashion,1,794.64,0,Card,110
90222,2024-03-18,10133,Bangalore,5169,Fashion,4,157.66,15,Wallet,68
90223,2024-06-18,10558,Mumbai,5194,Electronics,3,649.96,5,COD,97
90224,2024-09-17,10563,Bangalore,5014,Food,1,380.19,0,UPI,119
90225,2024-09-09,10062,Pune,5105,Fashion,4,718.78,15,Wallet,78
90226,2024-06-20,10010,Mumbai,5094,Electronics,3,1030.5,0,UPI,30
90227,2024-08-31,10795,Hyderabad,5051,Grocery,3,764.37,15,COD,97
90228,2024-06-16,10711,Hyderabad,5139,Food,1,378.48,0,UPI,46
90229,2024-07-24,10652,Bangalore,5139,Food,4,350.02,5,Card,73
90230,2024-08-22,10694,Bangalore,5011,Electronics,4,569.18,0,Wallet,96
90231,2024-08-13,10475,Chennai,5063,Grocery,4,484.94,0,Card,93
90232,2024-06-04,10011,Delhi,5178,Grocery,4,846.8,5,COD,65
90233,2024-07-20,10286,Chennai,5103,Grocery,4,693.6,5,Wallet,75
90234,2024-09-26,10317,Delhi,5070,Grocery,2,540.01,5,UPI,114
90235,2024-06-10,10519,Hyderabad,5032,Electronics,2,513.64,0,Wallet,78
90236,2024-03-06,10640,Bangalore,5149,Fashion,3,856.32,5,Card,90
90237,2024-08-20,10780,Pune,5010,Fashion,2,563.24,0,UPI,55
90238,2024-09-08,10441,Mumbai,5145,Grocery,3,206.08,0,COD,63
90239,2024-11-07,10411,Mumbai,5147,Electronics,3,254.99,10,Wallet,31
90240,2024-07-04,10160,Chennai,5107,Food,3,492.49,15,Card,34
90241,2024-10-06,10469,Delhi,5163,Fashion,2,214.23,10,COD,28
90242,2024-06-06,10659,Chennai,5097,Food,1,1021.2,10,UPI,113
90243,2024-12-18,10782,Hyderabad,5175,Food,4,788.4,15,Card,61
90244,2024-10-02,10293,Delhi,5069,Fashion,4,142.13,0,Card,87
90245,2024-12-01,10203,Mumbai,5003,Grocery,2,104.13,5,UPI,31
90246,2024-05-01,10019,Pune,5002,Fashion,4,440.5,10,COD,108
90247,2024-12-11,10034,Chennai,5011,Grocery,4,664.49,5,Card,26
90248,2024-07-30,10544,Hyderabad,5106,Fashion,1,628.83,5,COD,98
90249,2024-10-25,10411,Mumbai,5070,Food,2,658.53,10,Card,80
90250,2024-10-16,10649,Bangalore,5134,Grocery,1,173.03,5,Wallet,60
90251,2024-09-21,10078,Mumbai,5106,Fashion,3,733.54,10,UPI,20
90252,2024-10-12,10301,Chennai,5193,Food,4,157.68,15,Wallet,65
90253,2024-02-23,10562,Pune,5025,Food,3,644.43,10,UPI,46
90254,2024-06-17,10460,Hyderabad,5018,Food,4,799.62,0,Wallet,107
90255,2024-12-16,10115,Bangalore,5063,Electronics,3,478.14,0,Card,76
90256,2024-05-05,10420,Pune,5123,Electronics,4,529.73,10,Card,21
90257,2024-01-14,10486,Hyderabad,5123,Food,3,631.01,0,Wallet,47
90258,2024-04-14,10243,Hyderabad,5030,Electronics,3,484.93,10,Wallet,52
90259,2024-03-10,10356,Pune,5169,Grocery,4,124.03,5,Card,80
90260,2024-12-24,10137,Chennai,5028,Food,4,1014.62,5,Card,94
90261,2024-08-27,10501,Mumbai,5175,Electronics,3,760.15,5,Wallet,37
90262,2024-01-23,10064,Hyderabad,5114,Electronics,3,1032.38,0,Wallet,56
90263,2024-03-03,10079,Chennai,5050,Grocery,3,133.37,20,Wallet,47
90264,2024-03-23,10367,Pune,5107,Electronics,2,695.71,5,COD,102
90265,2024-08-31,10590,Pune,5109,Electronics,4,663.42,10,UPI,113
90266,2024-03-26,10710,Delhi,5131,Grocery,2,503.38,20,COD,81
90267,2024-12-17,10064,Hyderabad,5183,Electronics,4,409.59,15,UPI,108
90268,2024-07-23,10284,Bangalore,5109,Electronics,3,754.97,0,COD,96
90269,2024-10-29,10582,Hyderabad,5100,Grocery,2,981.22,5,COD,105
90270,2024-12-23,10280,Hyderabad,5152,Grocery,1,956.04,15,COD,65
90271,2024-02-11,10575,Delhi,5123,Electronics,4,544.37,10,COD,98
90272,2024-03-31,10641,Mumbai,5101,Grocery,2,437.62,5,UPI,80
90273,2024-03-27,10366,Mumbai,5014,Electronics,4,425.4,0,Card,29
90274,2024-07-18,10760,Pune,5174,Food,3,847.18,5,UPI,114
90275,2024-05-15,10784,Chennai,5012,Electronics,3,542.58,0,COD,104
90276,2024-04-13,10691,Delhi,5110,Electronics,2,798.57,10,COD,82
90277,2024-08-16,10495,Bangalore,5176,Fashion,3,678.54,15,Wallet,59
90278,2024-10-18,10347,Pune,5127,Fashion,2,1034.97,5,Card,69
90279,2024-04-11,10462,Pune,5069,Fashion,2,101.91,15,Card,115
90280,2024-06-04,10165,Hyderabad,5090,Grocery,2,257.48,15,Card,76
90281,2024-03-19,10627,Chennai,5027,Grocery,4,160.19,5,Wallet,22
90282,2024-12-19,10483,Chennai,5074,Electronics,2,677.97,20,Card,103
90283,2024-11-03,10224,Bangalore,5173,Fashion,4,564.35,5,Card,60
90284,2024-07-17,10114,Bangalore,5179,Fashion,3,274.89,0,UPI,56
90285,2024-01-05,10594,Hyderabad,5056,Food,4,151.98,5,Wallet,72
90286,2024-10-16,10328,Chennai,5030,Food,2,446.86,0,UPI,116
90287,2024-04-15,10784,Chennai,5011,Electronics,3,679.16,15,COD,36
90288,2024-02-07,10659,Chennai,5061,Electronics,2,679.02,10,COD,36
90289,2024-08-09,10577,Chennai,5179,Food,4,250.46,0,Wallet,88
90290,2024-10-07,10486,Hyderabad,5141,Fashion,2,211.02,10,Wallet,80
90291,2024-06-26,10389,Mumbai,5194,Fashion,2,787.1,15,UPI,102
90292,2024-04-04,10220,Pune,5177,Food,4,832.46,15,Wallet,115
90293,2024-06-11,10276,Mumbai,5170,Grocery,1,464.96,0,COD,52
90294,2024-09-05,10675,Chennai,5031,Fashion,2,182.45,20,UPI,68
90295,2024-04-14,10344,Pune,5116,Food,4,524.41,20,Card,59
90296,2024-05-09,10662,Mumbai,5188,Grocery,3,98.13,0,COD,58
90297,2024-05-29,10288,Hyderabad,5036,Fashion,1,520.7,10,COD,31
90298,2024-05-30,10557,Pune,5166,Fashion,3,542.79,20,Card,87
90299,2024-07-23,10046,Chennai,5110,Grocery,2,766.04,0,UPI,87
90300,2024-09-09,10431,Delhi,5178,Food,4,819.03,0,UPI,69
90301,2024-09-30,10708,Bangalore,5059,Electronics,2,590.59,10,Wallet,85
90302,2024-04-05,10583,Hyderabad,5085,Grocery,1,540.79,20,UPI,87
90303,2024-07-07,10755,Chennai,5193,Food,3,177.74,0,Wallet,26
90304,2024-06-23,10329,Chennai,5160,Fashion,4,153.25,10,UPI,36
90305,2024-08-24,10170,Bangalore,5105,Electronics,2,981.31,10,Wallet,101
90306,2024-02-13,10657,Delhi,5174,Fashion,2,669.68,20,Card,102
90307,2024-10-17,10511,Hyderabad,5064,Electronics,4,807.95,5,Wallet,94
90308,2024-06-12,10285,Chennai,5143,Electronics,3,156.72,20,UPI,71
90309,2024-04-18,10462,Pune,5113,Grocery,3,529.88,20,Card,74
90310,2024-02-15,10261,Hyderabad,5088,Food,2,161.04,15,Wallet,112
90311,2024-09-17,10775,Bangalore,5066,Grocery,4,664.77,5,UPI,76
90312,2024-05-07,10483,Chennai,5099,Grocery,4,936.79,20,UPI,81
90313,2024-07-07,10214,Pune,5049,Food,2,364.87,5,COD,65
90314,2024-05-11,10304,Hyderabad,5025,Fashion,2,590.93,0,Wallet,34
90315,2024-04-18,10192,Chennai,5032,Grocery,2,404.2,10,Wallet,68
90316,2024-06-17,10349,Hyderabad,5081,Grocery,1,112.75,0,Wallet,38
90317,2024-03-29,10040,Hyderabad,5074,Electronics,1,760.85,5,COD,105
90318,2024-04-11,10562,Pune,5074,Food,1,660.51,20,UPI,84
90319,2024-12-10,10242,Hyderabad,5154,Grocery,3,379.24,0,Card,46
90320,2024-07-28,10472,Delhi,5164,Electronics,1,680.3,10,Wallet,61
90321,2024-10-08,10443,Delhi,5071,Food,4,105.0,0,UPI,38
90322,2024-03-08,10048,Bangalore,5006,Food,2,236.97,15,UPI,95
90323,2024-10-16,10588,Hyderabad,5195,Grocery,1,199.6,0,Wallet,36
90324,2024-12-13,10661,Bangalore,5176,Food,2,526.92,10,COD,114
90325,2024-12-11,10164,Chennai,5127,Electronics,3,1034.49,15,Card,78
90326,2024-04-18,10433,Hyderabad,5017,Food,4,533.47,15,Wallet,106
90327,2024-02-03,10341,Hyderabad,5190,Grocery,2,772.82,10,Wallet,106
90328,2024-04-01,10157,Hyderabad,5178,Fashion,2,801.85,0,COD,106
90329,2024-02-26,10213,Mumbai,5195,Grocery,3,159.44,5,Wallet,34
90330,2024-11-11,10604,Bangalore,5182,Food,1,226.84,5,Wallet,113
90331,2024-05-03,10122,Mumbai,5167,Electronics,3,682.82,0,COD,100
90332,2024-06-30,10156,Mumbai,5069,Electronics,2,122.94,0,UPI,46
90333,2024-05-11,10371,Bangalore,5063,Electronics,2,469.39,0,Wallet,103
90334,2024-08-05,10621,Delhi,5175,Grocery,2,810.82,15,Card,30
90335,2024-03-02,10799,Chennai,5194,Food,4,572.01,10,Wallet,84
90336,2024-07-17,10410,Mumbai,5126,Grocery,4,687.91,0,Card,73
90337,2024-01-04,10727,Hyderabad,5028,Electronics,3,922.31,10,Wallet,109
90338,2024-03-01,10428,Hyderabad,5156,Grocery,1,1056.2,5,Wallet,67
90339,2024-07-23,10745,Chennai,5139,Food,1,365.75,0,UPI,72
90340,2024-05-18,10623,Hyderabad,5003,Food,1,100.89,10,UPI,66
90341,2024-11-14,10483,Chennai,5015,Grocery,3,163.74,0,COD,116
90342,2024-08-24,10668,Bangalore,5122,Fashion,1,906.93,5,Card,26
90343,2024-11-10,10682,Pune,5124,Grocery,4,190.3,20,Card,75
90344,2024-07-31,10327,Bangalore,5129,Fashion,3,825.6,15,Card,80
90345,2024-12-15,10084,Pune,5166,Grocery,2,457.87,10,COD,118
90346,2024-10-03,10418,Pune,5034,Grocery,1,362.16,0,Card,58
90347,2024-05-22,10117,Hyderabad,5077,Grocery,3,300.38,0,Wallet,49
90348,2024-02-11,10654,Hyderabad,5036,Electronics,1,679.98,15,Card,67
90349,2024-10-30,10629,Mumbai,5124,Food,1,273.39,15,Wallet,114
90350,2024-06-04,10659,Chennai,5164,Grocery,2,709.24,15,UPI,26
90351,2024-06-18,10022,Mumbai,5192,Electronics,3,690.08,0,Card,84
90352,2024-09-17,10362,Bangalore,5032,Fashion,1,539.23,5,COD,118
90353,2024-07-18,10470,Hyderabad,5004,Electronics,2,898.72,5,COD,73
90354,2024-05-09,10654,Hyderabad,5061,Grocery,2,709.98,0,COD,104
90355,2024-02-04,10004,Bangalore,5097,Electronics,4,840.93,0,Wallet,93
90356,2024-05-23,10591,Mumbai,5168,Food,2,445.53,20,Wallet,25
90357,2024-12-05,10163,Pune,5111,Fashion,1,155.03,20,UPI,64
90358,2024-06-24,10327,Bangalore,5074,Electronics,3,790.87,10,UPI,99
90359,2024-02-03,10506,Delhi,5118,Food,3,804.72,0,UPI,42
90360,2024-06-11,10443,Delhi,5176,Fashion,1,675.51,10,Wallet,42
90361,2024-09-17,10225,Mumbai,5166,Electronics,3,523.76,0,Card,111
90362,2024-07-22,10784,Chennai,5004,Grocery,4,820.75,20,UPI,72
90363,2024-11-15,10513,Chennai,5116,Electronics,1,541.76,0,COD,116
90364,2024-02-01,10114,Bangalore,5192,Electronics,3,574.79,5,Wallet,44
90365,2024-07-26,10610,Hyderabad,5056,Grocery,2,117.89,5,UPI,52
90366,2024-03-11,10006,Delhi,5021,Electronics,3,216.62,20,UPI,99
90367,2024-10-15,10366,Mumbai,5024,Electronics,1,341.22,5,Card,69
90368,2024-11-25,10747,Delhi,5022,Grocery,4,148.75,0,COD,37
90369,2024-02-06,10252,Pune,5178,Electronics,3,1004.72,0,COD,38
90370,2024-10-07,10398,Pune,5141,Grocery,4,290.78,0,Card,60
90371,2024-11-01,10274,Mumbai,5035,Fashion,2,754.15,5,Wallet,78
90372,2024-10-22,10425,Mumbai,5041,Food,4,129.51,15,UPI,112
90373,2024-12-15,10365,Pune,5110,Grocery,3,831.06,5,Wallet,102
90374,2024-07-22,10595,Mumbai,5093,Fashion,2,447.58,5,Card,63
90375,2024-03-09,10384,Pune,5059,Grocery,2,431.47,20,Wallet,102
90376,2024-07-05,10489,Pune,5185,Grocery,3,60.5,5,Card,93
90377,2024-05-18,10538,Mumbai,5168,Food,2,502.02,5,Card,86
90378,2024-08-19,10437,Mumbai,5113,Food,3,502.08,10,COD,54
90379,2024-08-04,10418,Pune,5051,Grocery,1,896.05,0,COD,30
90380,2024-10-19,10732,Hyderabad,5047,Electronics,3,694.94,15,Card,62
90381,2024-05-28,10722,Delhi,5073,Electronics,1,336.28,10,Wallet,65
90382,2024-09-12,10711,Hyderabad,5164,Fashion,2,676.95,15,Card,63
90383,2024-09-29,10692,Chennai,5155,Fashion,3,704.88,5,COD,97
90384,2024-07-03,10784,Chennai,5003,Food,3,96.16,5,Wallet,107
90385,2024-02-16,10601,Chennai,5004,Electronics,1,851.19,15,Wallet,59
90386,2024-10-09,10421,Bangalore,5145,Grocery,1,238.85,10,Wallet,21
90387,2024-07-19,10231,Pune,5141,Food,4,214.85,5,UPI,44
90388,2024-11-17,10060,Chennai,5145,Electronics,4,208.73,10,Wallet,26
90389,2024-02-17,10223,Bangalore,5129,Food,3,995.78,0,Wallet,33
90390,2024-05-21,10645,Mumbai,5173,Food,2,495.46,20,UPI,85
90391,2024-11-02,10450,Chennai,5186,Grocery,1,193.4,0,UPI,90
90392,2024-11-14,10136,Pune,5043,Electronics,3,208.58,5,Wallet,48
90393,2024-04-23,10646,Mumbai,5114,Electronics,4,915.31,5,COD,57
90394,2024-10-02,10633,Chennai,5110,Electronics,2,776.43,5,UPI,30
90395,2024-07-05,10183,Pune,5062,Fashion,2,508.51,15,UPI,81
90396,2024-10-22,10538,Mumbai,5101,Electronics,2,492.44,5,Card,46
90397,2024-03-26,10750,Bangalore,5041,Electronics,1,149.53,5,Wallet,77
90398,2024-02-06,10015,Hyderabad,5092,Electronics,3,795.51,0,UPI,115
90399,2024-03-01,10606,Delhi,5147,Grocery,2,199.05,0,Wallet,62
90400,2024-09-10,10405,Pune,5076,Electronics,3,488.82,10,UPI,85
90401,2024-06-10,10087,Pune,5002,Grocery,4,354.26,0,Wallet,110
90402,2024-04-17,10757,Pune,5161,Food,2,225.16,0,Card,34
90403,2024-02-01,10272,Delhi,5044,Fashion,3,322.51,0,Wallet,103
90404,2024-12-23,10556,Pune,5006,Food,4,199.52,5,UPI,37
90405,2024-01-26,10614,Delhi,5121,Grocery,1,787.57,5,Card,109
90406,2024-05-27,10633,Chennai,5025,Grocery,1,687.25,15,Card,37
90407,2024-01-06,10599,Pune,5020,Fashion,3,767.99,20,UPI,41
90408,2024-12-27,10651,Delhi,5147,Grocery,2,188.37,0,COD,78
90409,2024-08-23,10341,Hyderabad,5036,Grocery,1,622.01,5,COD,99
90410,2024-01-15,10376,Delhi,5103,Fashion,4,687.18,0,Card,51
90411,2024-01-02,10298,Hyderabad,5188,Fashion,3,101.59,0,Wallet,101
90412,2024-12-19,10196,Hyderabad,5182,Food,1,182.6,15,Wallet,110
90413,2024-01-28,10313,Hyderabad,5120,Food,4,292.35,15,COD,23
90414,2024-07-13,10676,Bangalore,5091,Grocery,1,513.27,5,Card,37
90415,2024-02-23,10346,Bangalore,5078,Food,4,186.43,5,UPI,36
90416,2024-08-21,10263,Delhi,5014,Fashion,2,383.58,15,UPI,63
90417,2024-02-22,10409,Mumbai,5103,Food,3,604.4,0,Wallet,89
90418,2024-06-15,10793,Pune,5027,Food,1,167.94,5,UPI,27
90419,2024-10-06,10341,Hyderabad,5038,Electronics,4,416.34,0,UPI,104
90420,2024-10-14,10791,Hyderabad,5004,Food,3,949.11,0,COD,94
90421,2024-08-24,10683,Hyderabad,5121,Fashion,4,583.91,15,Card,88
90422,2024-08-28,10652,Bangalore,5118,Grocery,3,810.48,15,Card,56
90423,2024-06-30,10298,Hyderabad,5172,Food,3,308.78,0,COD,42
90424,2024-12-14,10636,Pune,5112,Grocery,4,734.96,0,COD,116
90425,2024-09-18,10093,Delhi,5161,Grocery,4,234.66,10,COD,48
90426,2024-11-30,10451,Delhi,5123,Grocery,3,506.89,5,UPI,83
90427,2024-05-11,10654,Hyderabad,5030,Electronics,2,375.74,10,COD,46
90428,2024-10-04,10141,Delhi,5157,Food,4,418.46,10,Card,82
90429,2024-08-08,10135,Hyderabad,5130,Electronics,4,664.27,0,COD,109
90430,2024-11-29,10328,Chennai,5192,Fashion,2,615.31,0,Wallet,31
90431,2024-11-09,10164,Chennai,5194,Food,1,606.43,20,Card,108
90432,2024-08-11,10109,Delhi,5085,Food,4,410.51,5,COD,85
90433,2024-08-01,10095,Chennai,5192,Electronics,2,609.58,15,UPI,95
90434,2024-05-31,10406,Mumbai,5151,Electronics,3,588.03,5,Wallet,93
90435,2024-08-03,10091,Hyderabad,5133,Food,2,686.59,5,UPI,84
90436,2024-09-17,10232,Mumbai,5081,Grocery,2,118.23,20,COD,76
90437,2024-04-05,10350,Hyderabad,5011,Electronics,4,655.01,10,UPI,40
90438,2024-04-18,10539,Pune,5010,Grocery,1,488.52,5,COD,113
90439,2024-09-05,10776,Chennai,5128,Electronics,4,364.51,0,Wallet,34
90440,2024-10-28,10039,Pune,5004,Electronics,4,960.74,20,UPI,111
90441,2024-06-23,10003,Mumbai,5067,Grocery,3,139.0,0,UPI,24
90442,2024-06-29,10295,Delhi,5108,Food,1,993.89,20,UPI,55
90443,2024-01-01,10071,Pune,5146,Fashion,3,57.45,5,UPI,78
90444,2024-05-10,10663,Pune,5108,Electronics,2,1042.88,10,COD,118
90445,2024-06-28,10104,Bangalore,5170,Fashion,4,468.87,20,Wallet,49
90446,2024-10-12,10512,Delhi,5141,Electronics,2,270.17,0,COD,34
90447,2024-08-11,10683,Hyderabad,5145,Grocery,3,253.82,15,UPI,40
90448,2024-03-16,10331,Pune,5169,Fashion,1,161.23,15,UPI,61
90449,2024-01-13,10699,Bangalore,5185,Food,3,75.81,15,Card,117
90450,2024-01-18,10134,Bangalore,5048,Grocery,2,173.29,5,Wallet,24
90451,2024-09-01,10112,Chennai,5130,Grocery,1,663.52,20,COD,20
90452,2024-05-28,10224,Bangalore,5180,Electronics,1,623.32,10,COD,30
90453,2024-03-16,10265,Hyderabad,5142,Electronics,1,720.11,0,UPI,55
90454,2024-08-10,10373,Hyderabad,5187,Electronics,3,674.32,15,UPI,34
90455,2024-10-03,10219,Chennai,5086,Grocery,1,383.35,15,UPI,27
90456,2024-07-28,10547,Chennai,5057,Food,4,710.8,10,Wallet,53
90457,2024-06-03,10727,Hyderabad,5023,Electronics,3,717.03,10,UPI,42
90458,2024-07-10,10761,Chennai,5064,Electronics,3,996.11,0,COD,28
90459,2024-04-14,10286,Chennai,5006,Fashion,4,182.33,5,UPI,119
90460,2024-06-08,10451,Delhi,5007,Fashion,4,719.35,15,UPI,62
90461,2024-07-31,10098,Delhi,5119,Electronics,2,840.73,20,Card,75
90462,2024-10-31,10486,Hyderabad,5058,Electronics,4,828.84,20,Card,57
90463,2024-02-12,10275,Mumbai,5127,Grocery,2,946.58,15,UPI,45
90464,2024-10-06,10218,Mumbai,5179,Fashion,2,281.07,5,UPI,25
90465,2024-01-04,10111,Chennai,5074,Fashion,3,650.49,10,UPI,51
90466,2024-11-22,10131,Chennai,5146,Food,3,72.22,15,Card,81
90467,2024-07-27,10057,Pune,5072,Electronics,4,245.39,0,UPI,43
90468,2024-04-07,10186,Bangalore,5088,Fashion,1,142.66,15,Wallet,88
90469,2024-06-13,10049,Hyderabad,5118,Electronics,1,1116.07,0,Card,38
90470,2024-05-07,10724,Mumbai,5139,Food,4,405.44,10,Wallet,92
90471,2024-06-10,10748,Chennai,5094,Grocery,3,749.9,0,COD,80
90472,2024-11-08,10694,Bangalore,5082,Fashion,3,846.38,0,Wallet,87
90473,2024-02-25,10634,Bangalore,5039,Food,4,548.54,15,COD,100
90474,2024-07-20,10263,Delhi,5097,Fashion,3,1014.8,0,Wallet,33
90475,2024-05-26,10681,Pune,5004,Electronics,1,859.57,5,COD,99
90476,2024-12-24,10178,Mumbai,5132,Fashion,2,205.73,0,COD,64
90477,2024-03-19,10109,Delhi,5048,Food,1,172.98,0,Card,82
90478,2024-04-10,10465,Pune,5127,Grocery,1,969.11,0,UPI,112
90479,2024-04-18,10697,Bangalore,5071,Fashion,2,109.98,15,Card,116
90480,2024-10-05,10165,Hyderabad,5186,Food,2,225.58,0,Card,71
90481,2024-03-27,10491,Hyderabad,5060,Grocery,4,242.48,5,COD,117
90482,2024-01-23,10451,Delhi,5062,Fashion,2,584.89,0,UPI,71
90483,2024-10-11,10785,Bangalore,5081,Electronics,4,108.04,0,Card,27
90484,2024-10-02,10430,Delhi,5124,Food,3,210.79,0,Card,102
90485,2024-08-22,10728,Chennai,5060,Electronics,3,212.06,10,Card,57
90486,2024-09-27,10672,Chennai,5093,Fashion,2,613.28,5,Wallet,107
90487,2024-10-02,10278,Mumbai,5132,Food,2,187.0,10,Card,23
90488,2024-02-12,10449,Bangalore,5065,Grocery,4,927.08,0,UPI,38
90489,2024-07-12,10192,Chennai,5112,Fashion,4,754.83,5,COD,59
90490,2024-10-06,10396,Bangalore,5117,Electronics,3,724.48,15,Wallet,43
90491,2024-10-21,10784,Chennai,5178,Electronics,4,886.78,5,Card,26
90492,2024-09-12,10606,Delhi,5039,Food,4,767.69,10,COD,51
90493,2024-03-29,10650,Hyderabad,5016,Fashion,4,751.14,5,COD,52
90494,2024-01-12,10793,Pune,5084,Fashion,4,145.41,15,COD,84
90495,2024-07-06,10341,Hyderabad,5139,Electronics,3,359.63,5,Wallet,27
90496,2024-04-16,10436,Pune,5132,Fashion,3,205.16,0,COD,84
90497,2024-03-09,10032,Pune,5129,Grocery,3,1062.68,5,UPI,40
90498,2024-05-23,10241,Hyderabad,5068,Fashion,2,454.98,15,Wallet,35
90499,2024-09-06,10770,Mumbai,5176,Fashion,3,518.29,20,COD,53
90500,2024-03-15,10770,Mumbai,5166,Electronics,3,418.0,5,Wallet,85
90501,2024-05-17,10289,Mumbai,5176,Fashion,1,648.78,10,COD,78
90502,2024-01-21,10020,Bangalore,5004,Grocery,1,706.18,10,COD,104
90503,2024-12-21,10372,Bangalore,5098,Fashion,4,568.43,5,COD,114
90504,2024-07-08,10141,Delhi,5037,Electronics,3,92.47,15,UPI,107
90505,2024-07-27,10476,Pune,5034,Grocery,2,351.24,0,COD,79
90506,2024-12-08,10127,Bangalore,5181,Grocery,4,505.34,5,Wallet,109
90507,2024-12-24,10558,Mumbai,5144,Fashion,4,344.52,5,Wallet,60
90508,2024-11-03,10773,Mumbai,5119,Food,3,790.22,5,UPI,74
90509,2024-06-24,10689,Chennai,5097,Food,3,924.03,0,Card,36
90510,2024-02-05,10350,Hyderabad,5027,Grocery,2,178.33,0,UPI,22
90511,2024-09-13,10470,Hyderabad,5025,Fashion,2,643.26,0,COD,20
90512,2024-09-16,10551,Hyderabad,5109,Fashion,2,835.05,15,UPI,30
90513,2024-06-13,10067,Chennai,5117,Food,2,862.11,0,COD,104
90514,2024-01-11,10199,Hyderabad,5161,Food,2,210.53,0,COD,71
90515,2024-09-23,10145,Bangalore,5121,Food,2,706.91,15,COD,28
90516,2024-05-29,10255,Mumbai,5087,Fashion,4,283.05,5,UPI,104
90517,2024-03-05,10148,Mumbai,5116,Food,1,578.48,5,COD,34
90518,2024-03-24,10246,Delhi,5049,Fashion,4,332.56,15,UPI,79
90519,2024-08-28,10152,Bangalore,5198,Grocery,4,648.25,5,Wallet,68
90520,2024-08-28,10228,Delhi,5058,Grocery,4,671.38,10,COD,32
90521,2024-02-20,10687,Mumbai,5082,Fashion,1,818.75,15,UPI,82
90522,2024-03-11,10394,Bangalore,5200,Electronics,3,389.36,10,Card,84
90523,2024-04-16,10107,Bangalore,5128,Grocery,4,334.95,10,UPI,39
90524,2024-01-08,10720,Pune,5090,Grocery,4,267.82,0,Card,42
90525,2024-03-25,10378,Delhi,5151,Grocery,2,496.56,0,Wallet,25
90526,2024-05-12,10750,Bangalore,5189,Fashion,1,529.73,5,Card,89
90527,2024-01-18,10401,Hyderabad,5031,Electronics,4,152.54,0,Wallet,22
90528,2024-07-08,10669,Bangalore,5044,Electronics,4,320.22,10,Card,119
90529,2024-01-26,10237,Pune,5105,Food,3,1014.95,10,Wallet,51
90530,2024-12-19,10774,Mumbai,5139,Grocery,2,317.64,0,Wallet,109
90531,2024-11-28,10091,Hyderabad,5171,Fashion,3,154.74,5,Wallet,66
90532,2024-05-15,10168,Chennai,5086,Food,4,384.45,5,Wallet,103
90533,2024-04-12,10664,Hyderabad,5101,Food,2,514.66,0,Wallet,47
90534,2024-09-29,10337,Chennai,5123,Grocery,3,577.41,15,Wallet,88
90535,2024-11-29,10667,Pune,5075,Grocery,1,106.07,10,COD,40
90536,2024-09-23,10336,Hyderabad,5002,Food,4,365.83,5,UPI,97
90537,2024-03-25,10304,Hyderabad,5079,Fashion,1,734.12,5,UPI,69
90538,2024-05-07,10156,Mumbai,5168,Fashion,2,502.21,15,UPI,35
90539,2024-04-22,10309,Delhi,5150,Fashion,3,112.59,5,Card,41
90540,2024-02-08,10371,Bangalore,5168,Food,2,399.34,0,COD,114
90541,2024-07-18,10159,Delhi,5017,Grocery,4,456.01,10,COD,65
90542,2024-10-30,10293,Delhi,5099,Electronics,1,786.39,10,COD,107
90543,2024-11-02,10773,Mumbai,5169,Food,4,151.1,10,COD,63
90544,2024-09-09,10637,Chennai,5078,Food,3,212.94,0,Card,31
90545,2024-10-29,10691,Delhi,5056,Fashion,2,163.14,10,COD,43
90546,2024-06-28,10314,Pune,5127,Electronics,2,835.27,5,Wallet,80
90547,2024-04-27,10607,Pune,5073,Fashion,1,376.79,15,Card,90
90548,2024-12-06,10577,Chennai,5198,Fashion,3,558.84,15,Card,64
90549,2024-07-31,10347,Pune,5063,Fashion,1,495.52,0,UPI,71
90550,2024-03-31,10778,Mumbai,5169,Grocery,2,142.73,0,Wallet,50
90551,2024-05-24,10190,Chennai,5097,Fashion,3,785.29,15,Wallet,59
90552,2024-11-05,10109,Delhi,5027,Electronics,3,134.15,15,UPI,27
90553,2024-03-31,10411,Mumbai,5017,Electronics,1,446.95,0,UPI,90
90554,2024-08-05,10560,Mumbai,5137,Electronics,4,321.78,10,Card,110
90555,2024-11-08,10210,Pune,5131,Food,4,490.03,0,UPI,46
90556,2024-10-02,10328,Chennai,5099,Grocery,1,766.71,5,Card,68
90557,2024-10-14,10598,Delhi,5178,Food,1,952.73,0,UPI,76
90558,2024-02-24,10327,Bangalore,5142,Grocery,1,956.55,5,UPI,64
90559,2024-12-28,10564,Bangalore,5130,Grocery,4,900.26,10,UPI,81
90560,2024-02-26,10759,Mumbai,5046,Fashion,1,842.12,0,UPI,113
90561,2024-04-17,10420,Pune,5084,Grocery,3,184.91,20,UPI,35
90562,2024-12-23,10051,Mumbai,5166,Fashion,3,486.71,10,UPI,76
90563,2024-09-04,10782,Hyderabad,5004,Food,4,745.09,0,UPI,28
90564,2024-09-06,10685,Delhi,5091,Electronics,3,428.35,20,Wallet,41
90565,2024-12-19,10525,Mumbai,5120,Food,3,323.79,20,Card,68
90566,2024-07-09,10557,Pune,5021,Electronics,2,169.94,0,COD,94
90567,2024-01-26,10690,Bangalore,5054,Electronics,3,324.19,5,COD,44
90568,2024-09-30,10753,Delhi,5112,Grocery,3,629.07,10,Wallet,45
90569,2024-12-18,10570,Bangalore,5101,Electronics,4,360.14,0,Card,39
90570,2024-12-12,10193,Bangalore,5127,Electronics,3,819.38,0,UPI,57
90571,2024-02-21,10249,Pune,5039,Electronics,3,782.17,5,Card,97
90572,2024-10-15,10742,Hyderabad,5145,Fashion,2,228.4,5,Card,106
90573,2024-12-30,10655,Bangalore,5120,Electronics,1,296.01,15,Wallet,92
90574,2024-12-02,10037,Delhi,5081,Grocery,3,119.91,15,Wallet,40
90575,2024-10-08,10098,Delhi,5179,Food,3,318.36,0,Card,105
90576,2024-02-17,10103,Mumbai,5047,Electronics,4,719.5,0,UPI,69
90577,2024-06-12,10123,Delhi,5196,Food,4,613.8,10,UPI,26
90578,2024-03-06,10087,Pune,5102,Grocery,2,286.07,0,UPI,40
90579,2024-08-11,10255,Mumbai,5093,Electronics,4,487.05,5,Card,101
90580,2024-05-05,10567,Delhi,5112,Electronics,2,670.47,5,Wallet,91
90581,2024-08-19,10090,Bangalore,5027,Grocery,3,167.32,0,Card,26
90582,2024-05-23,10688,Mumbai,5118,Food,4,869.14,10,Wallet,78
90583,2024-11-08,10400,Chennai,5157,Fashion,4,529.66,5,UPI,114
90584,2024-04-12,10756,Chennai,5064,Food,1,839.67,15,Wallet,87
90585,2024-10-22,10709,Bangalore,5146,Grocery,2,62.36,20,UPI,92
90586,2024-03-14,10081,Chennai,5187,Food,2,896.69,0,UPI,93
90587,2024-09-02,10040,Hyderabad,5198,Food,2,664.31,0,Card,20
90588,2024-08-30,10441,Mumbai,5161,Fashion,3,222.98,15,COD,60
90589,2024-11-26,10395,Bangalore,5007,Food,4,500.44,10,Wallet,63
90590,2024-05-14,10346,Bangalore,5082,Grocery,1,951.53,5,Wallet,27
90591,2024-02-25,10259,Pune,5118,Fashion,2,1039.64,0,UPI,33
90592,2024-06-09,10527,Chennai,5148,Electronics,3,514.02,0,Wallet,47
90593,2024-10-20,10093,Delhi,5133,Food,2,870.84,10,Wallet,96
90594,2024-02-23,10422,Bangalore,5127,Fashion,1,752.14,5,Wallet,105
90595,2024-01-30,10271,Pune,5121,Grocery,2,581.19,5,COD,87
90596,2024-11-24,10525,Mumbai,5061,Fashion,4,508.35,15,Wallet,110
90597,2024-01-05,10174,Chennai,5154,Electronics,4,324.04,5,Wallet,72
90598,2024-06-27,10027,Pune,5173,Food,1,537.78,20,UPI,32
90599,2024-10-01,10785,Bangalore,5096,Fashion,1,679.16,15,COD,112
90600,2024-09-18,10089,Mumbai,5140,Grocery,3,439.13,0,Wallet,27
90601,2024-11-24,10401,Hyderabad,5050,Grocery,1,118.94,0,COD,53
90602,2024-06-14,10268,Chennai,5049,Food,4,393.62,15,Wallet,29
90603,2024-08-07,10279,Chennai,5021,Grocery,2,227.81,15,Wallet,42
90604,2024-01-27,10244,Mumbai,5013,Electronics,4,253.95,0,Card,79
90605,2024-06-06,10259,Pune,5111,Electronics,4,162.42,10,UPI,90
90606,2024-11-15,10489,Pune,5184,Electronics,1,226.91,0,UPI,53
90607,2024-02-03,10043,Bangalore,5117,Electronics,4,681.12,15,COD,72
90608,2024-02-03,10033,Delhi,5141,Electronics,2,270.88,10,Card,99
90609,2024-09-23,10228,Delhi,5187,Grocery,1,806.77,0,COD,58
90610,2024-12-23,10474,Chennai,5174,Food,2,654.5,5,UPI,92
90611,2024-06-04,10133,Bangalore,5107,Food,3,541.11,10,UPI,27
90612,2024-08-20,10212,Hyderabad,5030,Food,3,480.19,15,Wallet,40
90613,2024-11-20,10291,Hyderabad,5034,Food,1,469.51,15,Card,32
90614,2024-09-25,10275,Mumbai,5070,Electronics,3,565.17,5,UPI,66
90615,2024-04-21,10369,Delhi,5181,Electronics,1,442.37,15,COD,43
90616,2024-08-30,10383,Pune,5180,Fashion,3,558.15,20,COD,76
90617,2024-01-07,10445,Pune,5092,Food,3,853.47,20,COD,88
90618,2024-08-16,10205,Delhi,5053,Fashion,1,288.52,0,UPI,66
90619,2024-03-14,10010,Mumbai,5098,Fashion,3,475.91,0,COD,71
90620,2024-12-15,10757,Pune,5138,Food,1,352.08,5,COD,48
90621,2024-08-22,10623,Hyderabad,5184,Food,1,286.34,0,Card,71
90622,2024-03-26,10768,Hyderabad,5092,Food,3,659.52,15,Card,25
90623,2024-02-27,10715,Delhi,5097,Grocery,1,782.34,15,Card,25
90624,2024-11-15,10666,Mumbai,5144,Grocery,2,307.67,15,Card,89
90625,2024-11-16,10547,Chennai,5083,Grocery,3,489.84,0,Wallet,40
90626,2024-08-13,10548,Chennai,5147,Grocery,2,202.64,0,COD,32
90627,2024-02-01,10047,Hyderabad,5090,Grocery,1,270.22,10,UPI,96
90628,2024-09-27,10482,Mumbai,5030,Electronics,3,419.7,0,Card,88
90629,2024-02-26,10031,Mumbai,5112,Electronics,2,642.61,10,Wallet,32
90630,2024-02-28,10590,Pune,5095,Fashion,4,520.46,5,Wallet,114
90631,2024-08-06,10410,Mumbai,5014,Food,3,492.37,0,Wallet,117
90632,2024-11-19,10450,Chennai,5042,Food,1,88.52,5,Card,41
90633,2024-05-31,10399,Bangalore,5054,Food,2,270.78,0,Wallet,90
90634,2024-02-26,10249,Pune,5188,Electronics,4,121.83,10,Wallet,90
90635,2024-08-08,10452,Mumbai,5180,Fashion,2,532.78,5,UPI,88
90636,2024-07-31,10484,Hyderabad,5012,Electronics,2,564.83,5,Card,116
90637,2024-09-14,10763,Chennai,5091,Food,4,479.74,5,COD,105
90638,2024-09-28,10678,Hyderabad,5177,Electronics,2,775.06,0,UPI,88
90639,2024-07-23,10089,Mumbai,5010,Grocery,1,493.39,0,Card,102
90640,2024-04-14,10388,Bangalore,5170,Food,3,462.47,15,Card,28
90641,2024-09-05,10672,Chennai,5142,Grocery,4,757.54,5,Card,93
90642,2024-06-07,10450,Chennai,5017,Food,3,478.49,20,COD,51
90643,2024-01-04,10493,Bangalore,5021,Food,1,203.53,10,Card,20
90644,2024-09-06,10396,Bangalore,5125,Grocery,3,377.78,20,UPI,57
90645,2024-08-17,10405,Pune,5123,Food,4,515.4,10,COD,106
90646,2024-11-01,10711,Hyderabad,5046,Fashion,3,1084.9,20,UPI,118
90647,2024-11-06,10737,Hyderabad,5183,Food,4,416.0,0,Card,90
90648,2024-01-03,10497,Mumbai,5126,Fashion,3,631.95,0,Card,112
90649,2024-11-11,10443,Delhi,5009,Fashion,2,768.9,0,Wallet,108
90650,2024-08-04,10758,Delhi,5128,Grocery,1,416.29,10,Card,49
90651,2024-12-28,10299,Hyderabad,5127,Fashion,3,948.49,15,COD,56
90652,2024-12-05,10285,Chennai,5081,Electronics,3,140.05,5,Card,119
90653,2024-01-07,10223,Bangalore,5142,Grocery,3,901.12,20,UPI,21
90654,2024-06-05,10368,Pune,5055,Grocery,2,660.35,5,Wallet,42
90655,2024-05-09,10461,Mumbai,5016,Grocery,4,753.12,0,UPI,30
90656,2024-01-20,10069,Bangalore,5092,Electronics,3,917.81,0,COD,52
90657,2024-08-18,10412,Hyderabad,5139,Fashion,3,392.33,15,Wallet,105
90658,2024-02-25,10075,Hyderabad,5005,Fashion,2,226.28,10,Wallet,71
90659,2024-01-16,10258,Mumbai,5042,Electronics,3,66.75,5,Wallet,87
90660,2024-07-08,10119,Bangalore,5112,Fashion,4,787.52,15,Wallet,77
90661,2024-04-26,10368,Pune,5013,Fashion,2,287.33,0,COD,87
90662,2024-03-16,10162,Mumbai,5031,Fashion,1,149.82,10,Card,71
90663,2024-01-02,10516,Bangalore,5065,Fashion,3,986.41,5,Wallet,50
90664,2024-01-02,10466,Chennai,5027,Grocery,4,125.92,5,Wallet,107
90665,2024-10-16,10326,Bangalore,5008,Grocery,4,716.1,5,Card,89
90666,2024-07-21,10565,Chennai,5023,Grocery,2,826.29,5,UPI,21
90667,2024-03-29,10507,Delhi,5082,Electronics,2,840.71,0,UPI,43
90668,2024-05-05,10662,Mumbai,5018,Food,4,787.2,5,Wallet,88
90669,2024-09-09,10775,Bangalore,5099,Food,1,861.78,5,Wallet,68
90670,2024-04-10,10097,Chennai,5037,Grocery,2,116.07,20,Wallet,74
90671,2024-11-24,10609,Mumbai,5061,Fashion,1,607.89,15,Card,116
90672,2024-01-19,10713,Mumbai,5053,Fashion,1,285.22,10,Card,94
90673,2024-06-03,10217,Hyderabad,5017,Electronics,1,450.62,10,UPI,59
90674,2024-12-16,10381,Hyderabad,5120,Grocery,2,297.26,0,COD,47
90675,2024-09-01,10100,Pune,5098,Food,1,602.65,5,Card,33
90676,2024-03-23,10351,Bangalore,5039,Electronics,4,735.22,0,Card,87
90677,2024-03-11,10465,Pune,5108,Fashion,4,727.91,10,COD,81
90678,2024-06-18,10696,Pune,5170,Fashion,4,423.65,0,Wallet,51
90679,2024-05-26,10593,Chennai,5183,Grocery,2,405.96,0,Wallet,99
90680,2024-11-06,10469,Delhi,5074,Fashion,4,699.7,0,UPI,115
90681,2024-10-19,10632,Mumbai,5042,Electronics,3,75.87,10,UPI,91
90682,2024-04-18,10417,Delhi,5133,Fashion,1,872.89,10,Wallet,104
90683,2024-11-26,10378,Delhi,5001,Electronics,1,663.71,10,Wallet,54
90684,2024-08-03,10013,Delhi,5059,Fashion,2,613.32,0,COD,58
90685,2024-05-05,10446,Hyderabad,5043,Fashion,1,262.81,0,COD,68
90686,2024-07-21,10783,Mumbai,5035,Food,2,975.26,5,Wallet,114
90687,2024-02-29,10207,Mumbai,5097,Electronics,4,831.51,10,Card,58
90688,2024-02-06,10569,Bangalore,5074,Grocery,1,722.25,0,UPI,65
90689,2024-10-02,10643,Mumbai,5184,Electronics,2,222.84,5,UPI,90
90690,2024-08-10,10176,Mumbai,5004,Electronics,3,726.18,5,COD,24
90691,2024-07-30,10400,Chennai,5073,Food,4,361.04,5,Wallet,109
90692,2024-04-02,10297,Pune,5114,Food,3,853.65,15,COD,73
90693,2024-08-29,10228,Delhi,5079,Grocery,3,758.31,10,Card,70
90694,2024-05-21,10201,Delhi,5136,Fashion,3,290.32,5,Card,42
90695,2024-12-10,10734,Mumbai,5145,Grocery,3,230.13,5,Wallet,114
90696,2024-10-13,10794,Bangalore,5100,Electronics,4,1097.78,5,COD,89
90697,2024-12-11,10687,Mumbai,5070,Grocery,3,490.8,15,Card,84
90698,2024-05-01,10184,Delhi,5096,Fashion,2,610.43,10,Card,61
90699,2024-01-13,10232,Mumbai,5194,Food,2,814.34,5,COD,27
90700,2024-05-29,10120,Chennai,5164,Fashion,4,569.46,0,Wallet,39
90701,2024-10-07,10615,Pune,5117,Grocery,1,725.41,10,COD,117
90702,2024-05-06,10388,Bangalore,5058,Grocery,1,751.35,0,Card,64
90703,2024-03-21,10468,Delhi,5062,Fashion,4,541.72,15,UPI,38
90704,2024-05-08,10301,Chennai,5200,Fashion,4,338.39,20,Wallet,99
90705,2024-07-15,10150,Mumbai,5081,Grocery,1,129.55,20,UPI,64
90706,2024-05-18,10034,Chennai,5029,Grocery,2,247.99,15,UPI,54
90707,2024-07-30,10748,Chennai,5127,Fashion,1,954.67,0,Card,90
90708,2024-02-17,10026,Hyderabad,5023,Grocery,1,818.87,0,UPI,72
90709,2024-12-02,10255,Mumbai,5163,Electronics,3,268.41,20,Wallet,33
90710,2024-11-03,10639,Mumbai,5147,Fashion,4,235.27,0,UPI,92
90711,2024-02-22,10081,Chennai,5037,Fashion,3,117.07,5,COD,21
90712,2024-01-30,10070,Chennai,5131,Electronics,2,561.32,0,UPI,111
90713,2024-12-16,10274,Mumbai,5037,Electronics,3,89.44,5,Card,79
90714,2024-06-27,10031,Mumbai,5011,Electronics,4,704.57,0,UPI,104
90715,2024-04-03,10141,Delhi,5188,Fashion,4,109.77,15,Wallet,48
90716,2024-10-01,10501,Mumbai,5145,Electronics,2,258.97,5,UPI,105
90717,2024-04-28,10135,Hyderabad,5135,Fashion,1,819.68,15,Card,39
90718,2024-12-17,10741,Mumbai,5075,Grocery,1,128.97,0,Card,84
90719,2024-12-07,10590,Pune,5042,Fashion,3,63.73,20,COD,65
90720,2024-10-24,10118,Mumbai,5186,Grocery,1,246.29,5,Wallet,29
90721,2024-04-11,10396,Bangalore,5069,Electronics,3,127.67,10,UPI,55
90722,2024-06-29,10222,Bangalore,5031,Food,4,188.56,5,Card,53
90723,2024-06-17,10025,Mumbai,5085,Electronics,1,489.26,5,COD,113
90724,2024-04-09,10047,Hyderabad,5060,Grocery,1,272.72,5,UPI,116
90725,2024-08-15,10471,Mumbai,5007,Fashion,1,561.87,15,UPI,51
90726,2024-03-16,10325,Pune,5055,Food,3,606.12,0,Card,67
90727,2024-02-06,10655,Bangalore,5014,Food,2,454.95,0,Card,109
90728,2024-01-17,10713,Mumbai,5127,Grocery,4,746.62,10,Card,29
90729,2024-07-10,10218,Mumbai,5185,Grocery,3,81.5,0,COD,44
90730,2024-09-17,10054,Hyderabad,5196,Food,4,595.17,15,COD,68
90731,2024-04-02,10583,Hyderabad,5115,Grocery,2,410.01,5,Card,39
90732,2024-04-27,10174,Chennai,5053,Electronics,3,266.45,5,Card,38
90733,2024-10-04,10673,Bangalore,5156,Grocery,3,781.83,10,UPI,23
90734,2024-08-12,10141,Delhi,5126,Grocery,4,606.95,5,Card,64
90735,2024-05-01,10410,Mumbai,5188,Grocery,3,114.03,20,Wallet,44
90736,2024-06-27,10515,Chennai,5074,Fashion,3,790.64,10,UPI,110
90737,2024-11-07,10103,Mumbai,5013,Food,3,272.31,5,COD,76
90738,2024-04-05,10090,Bangalore,5144,Fashion,4,369.53,10,Card,89
90739,2024-12-21,10282,Delhi,5035,Food,1,748.64,5,Wallet,65
90740,2024-10-12,10367,Pune,5125,Food,3,266.98,15,UPI,114
90741,2024-01-11,10279,Chennai,5172,Grocery,2,288.94,0,Wallet,86
90742,2024-03-27,10688,Mumbai,5070,Grocery,4,678.02,0,Card,79
90743,2024-06-15,10303,Delhi,5006,Food,4,185.16,0,UPI,96
90744,2024-02-20,10608,Hyderabad,5061,Grocery,1,547.98,15,Wallet,47
90745,2024-12-25,10062,Pune,5169,Fashion,3,149.18,5,COD,36
90746,2024-07-09,10185,Hyderabad,5095,Grocery,1,478.49,0,COD,61
90747,2024-09-18,10490,Hyderabad,5195,Grocery,4,181.37,5,COD,62
90748,2024-09-12,10046,Chennai,5053,Electronics,3,358.23,5,UPI,112
90749,2024-05-26,10409,Mumbai,5042,Electronics,4,75.59,5,Card,47
90750,2024-11-20,10730,Mumbai,5100,Grocery,4,951.16,20,Card,23
90751,2024-04-28,10405,Pune,5145,Fashion,1,225.37,5,Wallet,98
90752,2024-09-12,10021,Chennai,5148,Electronics,3,674.01,5,Card,95
90753,2024-04-10,10196,Hyderabad,5138,Fashion,3,374.72,10,UPI,32
90754,2024-07-11,10621,Delhi,5116,Grocery,2,467.75,0,COD,38
90755,2024-07-10,10557,Pune,5014,Fashion,4,481.93,5,Card,113
90756,2024-10-30,10025,Mumbai,5133,Fashion,2,828.09,5,UPI,102
90757,2024-08-02,10372,Bangalore,5189,Fashion,4,627.75,15,Wallet,82
90758,2024-12-24,10622,Mumbai,5183,Fashion,1,416.54,20,UPI,118
90759,2024-10-19,10547,Chennai,5078,Grocery,1,248.06,15,UPI,104
90760,2024-06-02,10337,Chennai,5088,Food,4,160.24,5,UPI,101
90761,2024-07-26,10107,Bangalore,5072,Fashion,2,294.56,20,COD,66
90762,2024-11-12,10281,Bangalore,5007,Grocery,1,704.6,10,Wallet,112
90763,2024-11-10,10237,Pune,5057,Electronics,3,644.4,0,Card,86
90764,2024-12-26,10299,Hyderabad,5125,Grocery,2,368.73,15,Card,24
90765,2024-04-12,10260,Chennai,5028,Electronics,3,1003.02,10,Card,114
90766,2024-01-05,10246,Delhi,5141,Electronics,4,243.14,10,COD,99
90767,2024-11-02,10317,Delhi,5091,Electronics,3,469.75,0,UPI,99
90768,2024-12-15,10158,Pune,5027,Food,2,138.51,0,Wallet,64
90769,2024-12-18,10055,Chennai,5080,Food,1,568.17,5,COD,68
90770,2024-03-15,10593,Chennai,5122,Food,4,917.62,20,Card,83
90771,2024-05-10,10753,Delhi,5142,Electronics,1,786.88,0,Card,69
90772,2024-04-21,10003,Mumbai,5110,Food,3,803.15,10,COD,102
90773,2024-08-23,10614,Delhi,5109,Electronics,2,726.39,0,COD,83
90774,2024-09-09,10573,Hyderabad,5142,Food,2,931.74,15,UPI,45
90775,2024-05-18,10628,Hyderabad,5179,Grocery,1,355.12,15,UPI,44
90776,2024-06-27,10337,Chennai,5065,Fashion,2,963.67,15,COD,54
90777,2024-03-31,10499,Mumbai,5054,Electronics,1,315.46,10,UPI,112
90778,2024-10-01,10700,Hyderabad,5053,Grocery,1,265.9,15,Wallet,51
90779,2024-04-21,10369,Delhi,5120,Electronics,2,273.86,15,COD,47
90780,2024-09-29,10486,Hyderabad,5041,Food,4,173.6,0,Wallet,26
90781,2024-12-07,10200,Chennai,5184,Food,2,242.08,5,COD,87
90782,2024-08-08,10261,Hyderabad,5145,Food,3,265.89,0,COD,39
90783,2024-04-10,10541,Delhi,5058,Fashion,2,645.36,5,COD,37
90784,2024-07-14,10089,Mumbai,5106,Electronics,3,858.56,15,Wallet,23
90785,2024-05-20,10021,Chennai,5122,Fashion,1,875.03,10,COD,58
90786,2024-12-17,10558,Mumbai,5019,Food,4,514.08,0,UPI,104
90787,2024-03-18,10075,Hyderabad,5047,Grocery,4,618.58,0,COD,95
90788,2024-07-17,10275,Mumbai,5016,Grocery,2,605.52,10,Card,28
90789,2024-10-05,10253,Bangalore,5011,Electronics,2,634.33,0,Card,105
90790,2024-05-04,10465,Pune,5086,Food,4,476.91,0,UPI,104
90791,2024-08-05,10189,Bangalore,5057,Electronics,3,650.69,10,UPI,82
90792,2024-07-19,10226,Hyderabad,5104,Grocery,1,490.09,5,UPI,22
90793,2024-07-06,10424,Hyderabad,5004,Electronics,4,770.04,10,COD,73
90794,2024-03-03,10393,Mumbai,5170,Fashion,2,472.89,20,Card,102
90795,2024-07-08,10731,Bangalore,5046,Grocery,1,1107.7,5,UPI,60
90796,2024-08-10,10313,Hyderabad,5123,Grocery,2,653.58,15,Wallet,47
90797,2024-05-16,10117,Hyderabad,5084,Food,3,154.89,20,UPI,93
90798,2024-08-04,10424,Hyderabad,5104,Food,1,494.54,0,COD,63
90799,2024-12-12,10133,Bangalore,5200,Food,4,359.0,0,COD,61
90800,2024-06-13,10730,Mumbai,5155,Grocery,2,751.51,0,UPI,68
90801,2024-02-16,10152,Bangalore,5054,Grocery,1,252.26,10,UPI,79
90802,2024-02-08,10410,Mumbai,5157,Fashion,1,404.81,5,Card,111
90803,2024-11-16,10547,Chennai,5066,Fashion,1,496.75,0,UPI,86
90804,2024-08-25,10203,Mumbai,5102,Food,1,313.68,10,Wallet,78
90805,2024-03-27,10146,Delhi,5143,Electronics,4,178.46,5,COD,94
90806,2024-12-21,10413,Bangalore,5068,Fashion,1,377.88,15,Card,108
90807,2024-11-08,10071,Pune,5084,Fashion,4,134.65,10,Card,67
90808,2024-07-04,10207,Mumbai,5015,Grocery,1,151.06,20,UPI,59
90809,2024-09-20,10719,Mumbai,5081,Electronics,1,113.31,10,COD,96
90810,2024-09-11,10238,Chennai,5009,Food,4,675.15,10,Card,38
90811,2024-09-05,10313,Hyderabad,5190,Electronics,3,909.67,10,Card,50
90812,2024-06-12,10024,Chennai,5021,Electronics,1,221.2,5,Wallet,112
90813,2024-02-19,10141,Delhi,5055,Grocery,1,660.37,5,COD,24
90814,2024-07-16,10219,Chennai,5138,Food,2,403.77,5,UPI,33
90815,2024-06-03,10319,Bangalore,5170,Food,4,455.95,5,Wallet,76
90816,2024-10-18,10074,Bangalore,5025,Electronics,4,644.17,0,Card,107
90817,2024-06-11,10049,Hyderabad,5010,Grocery,1,495.28,0,Card,108
90818,2024-04-21,10780,Pune,5192,Grocery,3,752.68,5,COD,58
90819,2024-01-01,10749,Hyderabad,5177,Grocery,3,846.44,0,Card,108
90820,2024-03-06,10099,Chennai,5185,Food,4,76.99,10,Wallet,62
90821,2024-07-02,10384,Pune,5192,Electronics,4,758.47,0,Wallet,40
90822,2024-08-29,10103,Mumbai,5132,Grocery,3,171.24,15,Wallet,103
90823,2024-04-20,10471,Mumbai,5146,Fashion,3,80.74,10,COD,66
90824,2024-02-12,10682,Pune,5188,Food,1,127.1,5,UPI,75
90825,2024-11-16,10194,Chennai,5019,Food,4,581.0,20,Card,50
90826,2024-03-04,10751,Hyderabad,5123,Grocery,4,628.85,0,UPI,67
90827,2024-07-13,10028,Mumbai,5141,Electronics,1,238.35,5,Card,58
90828,2024-10-08,10409,Mumbai,5160,Food,3,132.98,0,Card,111
90829,2024-03-16,10627,Chennai,5031,Electronics,3,172.46,15,Card,119
90830,2024-01-08,10663,Pune,5027,Fashion,2,174.79,15,COD,85
90831,2024-04-15,10707,Bangalore,5096,Electronics,1,834.51,0,COD,42
90832,2024-01-30,10422,Bangalore,5006,Electronics,4,244.46,0,COD,114
90833,2024-11-08,10402,Mumbai,5121,Electronics,3,780.68,10,UPI,96
90834,2024-03-26,10309,Delhi,5068,Fashion,2,338.51,0,UPI,92
90835,2024-05-17,10036,Mumbai,5137,Food,1,318.05,15,UPI,51
90836,2024-06-10,10689,Chennai,5039,Fashion,1,789.84,15,UPI,87
90837,2024-09-08,10316,Chennai,5122,Grocery,1,734.66,0,COD,41
90838,2024-02-28,10433,Hyderabad,5019,Grocery,1,520.01,0,COD,107
90839,2024-05-03,10264,Delhi,5130,Grocery,4,874.62,5,Wallet,74
90840,2024-02-05,10013,Delhi,5159,Food,4,909.49,10,UPI,114
90841,2024-04-23,10109,Delhi,5035,Grocery,1,815.5,5,Wallet,49
90842,2024-08-09,10129,Delhi,5139,Grocery,3,359.08,20,Wallet,96
90843,2024-09-19,10446,Hyderabad,5029,Fashion,3,243.51,10,Wallet,29
90844,2024-06-23,10786,Mumbai,5040,Grocery,1,486.82,10,Wallet,38
90845,2024-07-02,10302,Chennai,5171,Food,1,156.62,15,Card,50
90846,2024-03-31,10775,Bangalore,5185,Food,1,80.11,15,Card,114
90847,2024-08-23,10013,Delhi,5014,Electronics,2,410.96,20,COD,20
90848,2024-07-16,10411,Mumbai,5135,Electronics,2,893.01,15,UPI,41
90849,2024-02-20,10723,Chennai,5011,Electronics,2,709.03,15,Wallet,115
90850,2024-03-31,10371,Bangalore,5041,Grocery,2,186.66,15,UPI,23
90851,2024-09-13,10038,Delhi,5101,Electronics,4,420.69,15,Card,82
90852,2024-12-17,10189,Bangalore,5113,Food,3,483.0,0,Wallet,103
90853,2024-10-05,10736,Hyderabad,5152,Grocery,1,1027.32,15,Card,92
90854,2024-10-16,10104,Bangalore,5020,Grocery,1,587.29,10,Wallet,72
90855,2024-07-24,10779,Bangalore,5062,Electronics,2,633.63,0,Wallet,78
90856,2024-06-03,10521,Mumbai,5074,Fashion,2,733.53,0,UPI,40
90857,2024-01-30,10509,Pune,5103,Food,4,574.75,10,COD,117
90858,2024-08-30,10682,Pune,5011,Fashion,3,613.62,20,Card,59
90859,2024-06-06,10729,Chennai,5060,Grocery,2,276.91,10,UPI,90
90860,2024-11-07,10260,Chennai,5147,Food,4,246.8,5,Card,78
90861,2024-01-22,10588,Hyderabad,5071,Food,3,108.23,10,Card,26
90862,2024-12-01,10666,Mumbai,5120,Electronics,2,323.75,15,Card,115
90863,2024-03-28,10086,Delhi,5188,Grocery,3,100.18,20,Wallet,87
90864,2024-03-26,10658,Pune,5145,Grocery,1,223.55,5,Wallet,51
90865,2024-02-15,10232,Mumbai,5102,Electronics,3,267.32,15,UPI,61
90866,2024-07-26,10136,Pune,5139,Electronics,3,403.81,15,COD,32
90867,2024-11-13,10367,Pune,5089,Fashion,2,413.91,5,UPI,81
90868,2024-06-25,10114,Bangalore,5006,Fashion,2,200.18,5,UPI,70
90869,2024-07-22,10722,Delhi,5151,Food,2,505.77,20,UPI,106
90870,2024-08-11,10646,Mumbai,5034,Grocery,4,326.87,0,COD,30
90871,2024-07-25,10042,Pune,5074,Electronics,3,838.56,20,Card,92
90872,2024-07-26,10628,Hyderabad,5126,Fashion,1,569.35,0,UPI,46
90873,2024-09-13,10287,Delhi,5032,Food,4,501.57,0,Card,69
90874,2024-07-30,10491,Hyderabad,5141,Electronics,1,237.52,20,Wallet,49
90875,2024-02-16,10700,Hyderabad,5155,Grocery,1,670.6,15,Wallet,56
90876,2024-01-15,10057,Pune,5072,Grocery,3,242.74,10,UPI,94
90877,2024-01-01,10342,Pune,5053,Food,4,288.76,15,UPI,77
90878,2024-02-16,10512,Delhi,5193,Fashion,1,189.91,0,Wallet,84
90879,2024-12-11,10631,Hyderabad,5148,Electronics,4,544.2,0,UPI,58
90880,2024-12-30,10670,Bangalore,5014,Food,1,389.86,0,COD,98
90881,2024-01-30,10756,Chennai,5027,Fashion,3,134.88,5,Card,31
90882,2024-11-25,10562,Pune,5112,Grocery,3,677.81,0,UPI,108
90883,2024-10-06,10142,Delhi,5036,Fashion,4,631.87,10,Wallet,87
90884,2024-12-23,10525,Mumbai,5126,Food,3,724.19,20,UPI,63
90885,2024-04-24,10255,Mumbai,5176,Food,1,552.48,10,Card,88
90886,2024-03-25,10735,Chennai,5191,Electronics,2,386.98,0,COD,91
90887,2024-03-27,10271,Pune,5161,Electronics,3,212.1,5,COD,71
90888,2024-10-29,10409,Mumbai,5132,Fashion,3,202.26,0,Wallet,71
90889,2024-07-18,10692,Chennai,5198,Food,1,788.17,5,Card,54
90890,2024-08-24,10625,Hyderabad,5071,Food,2,119.23,0,COD,110
90891,2024-05-14,10663,Pune,5102,Grocery,3,317.07,20,COD,108
90892,2024-02-16,10564,Bangalore,5112,Fashion,4,640.59,10,UPI,92
90893,2024-02-23,10713,Mumbai,5130,Food,3,702.43,0,Card,23
90894,2024-10-07,10267,Hyderabad,5169,Food,1,160.45,20,Card,75
90895,2024-11-24,10253,Bangalore,5143,Electronics,4,161.75,0,Card,68
90896,2024-03-09,10359,Mumbai,5016,Grocery,3,677.0,0,UPI,50
90897,2024-05-08,10760,Pune,5188,Grocery,3,118.78,5,Wallet,116
90898,2024-03-14,10497,Mumbai,5040,Food,3,544.42,15,COD,45
90899,2024-05-27,10521,Mumbai,5133,Electronics,1,874.08,0,COD,56
90900,2024-12-24,10574,Bangalore,5095,Food,2,456.26,0,UPI,26
90901,2024-11-09,10012,Chennai,5044,Fashion,4,327.73,0,UPI,27
90902,2024-09-25,10032,Pune,5053,Electronics,2,280.2,5,Wallet,61
90903,2024-01-29,10538,Mumbai,5069,Fashion,2,109.7,0,COD,29
90904,2024-04-30,10004,Bangalore,5010,Food,3,497.48,10,Wallet,83
90905,2024-10-25,10318,Bangalore,5049,Food,2,381.33,10,UPI,52
90906,2024-01-24,10331,Pune,5181,Food,1,485.27,5,COD,44
90907,2024-10-23,10077,Delhi,5107,Fashion,1,520.0,15,Card,88
90908,2024-03-21,10252,Pune,5131,Fashion,3,455.25,5,Card,41
90909,2024-10-28,10175,Delhi,5122,Food,1,852.56,0,UPI,75
90910,2024-10-22,10190,Chennai,5178,Food,3,957.77,5,UPI,50
90911,2024-09-09,10565,Chennai,5081,Fashion,2,118.97,0,UPI,95
90912,2024-03-16,10192,Chennai,5151,Food,1,480.43,0,Wallet,93
90913,2024-02-07,10750,Bangalore,5012,Fashion,3,399.76,0,COD,118
90914,2024-07-07,10278,Mumbai,5024,Electronics,4,413.24,5,COD,69
90915,2024-05-14,10214,Pune,5089,Electronics,3,426.44,10,COD,21
90916,2024-03-07,10503,Hyderabad,5055,Food,4,494.69,5,COD,82
90917,2024-05-18,10064,Hyderabad,5060,Electronics,1,263.63,15,COD,116
90918,2024-08-28,10679,Mumbai,5186,Grocery,4,174.16,20,Card,45
90919,2024-03-06,10333,Hyderabad,5067,Electronics,2,176.52,0,Card,113
90920,2024-05-27,10064,Hyderabad,5153,Electronics,3,100.89,5,UPI,34
90921,2024-04-04,10748,Chennai,5088,Fashion,4,160.46,0,Wallet,54
90922,2024-12-05,10639,Mumbai,5196,Electronics,4,700.92,10,UPI,95
90923,2024-10-18,10635,Chennai,5194,Grocery,3,732.42,0,UPI,49
90924,2024-01-17,10095,Chennai,5069,Electronics,1,114.26,15,Card,66
90925,2024-10-07,10762,Hyderabad,5141,Fashion,1,243.44,15,Card,87
90926,2024-04-30,10741,Mumbai,5012,Food,4,519.93,5,Wallet,63
90927,2024-03-08,10225,Mumbai,5177,Food,2,712.54,5,Card,88
90928,2024-11-27,10057,Pune,5198,Fashion,2,702.77,10,Card,50
90929,2024-07-04,10441,Mumbai,5161,Food,2,209.25,20,UPI,106
90930,2024-04-21,10734,Mumbai,5015,Food,1,176.32,10,UPI,65
90931,2024-10-19,10793,Pune,5199,Electronics,3,440.22,5,Wallet,67
90932,2024-04-02,10034,Chennai,5176,Fashion,3,684.4,5,UPI,119
90933,2024-02-02,10320,Hyderabad,5182,Fashion,4,191.47,0,Wallet,33
90934,2024-05-29,10161,Mumbai,5041,Fashion,1,152.33,5,Wallet,34
90935,2024-09-16,10363,Chennai,5078,Grocery,2,190.71,5,Card,52
90936,2024-09-11,10369,Delhi,5010,Fashion,4,613.07,15,COD,94
90937,2024-06-08,10332,Mumbai,5049,Electronics,3,333.34,0,Wallet,61
90938,2024-08-22,10541,Delhi,5073,Grocery,2,395.82,0,Wallet,111
90939,2024-07-19,10056,Bangalore,5153,Electronics,4,91.62,5,Card,38
90940,2024-11-08,10589,Mumbai,5048,Food,3,154.56,20,Wallet,99
90941,2024-03-24,10417,Delhi,5106,Grocery,1,667.91,15,Card,116
90942,2024-10-16,10086,Delhi,5162,Electronics,2,295.23,0,Wallet,84
90943,2024-10-14,10536,Bangalore,5084,Electronics,2,140.62,5,Wallet,91
90944,2024-06-16,10241,Hyderabad,5092,Grocery,2,833.04,0,Wallet,106
90945,2024-05-29,10523,Pune,5154,Electronics,4,372.31,20,COD,70
90946,2024-02-19,10203,Mumbai,5156,Grocery,1,794.4,10,UPI,76
90947,2024-09-08,10237,Pune,5173,Electronics,3,547.07,15,UPI,27
90948,2024-12-01,10643,Mumbai,5127,Fashion,3,913.34,5,Card,31
90949,2024-08-11,10209,Chennai,5133,Electronics,4,834.19,5,Wallet,67
90950,2024-03-20,10751,Hyderabad,5049,Fashion,1,385.21,0,Card,63
90951,2024-12-15,10081,Chennai,5139,Food,4,363.26,10,Card,87
90952,2024-01-21,10012,Chennai,5059,Grocery,4,567.7,20,Wallet,61
90953,2024-03-12,10313,Hyderabad,5155,Food,2,648.32,10,Wallet,58
90954,2024-04-02,10638,Pune,5012,Electronics,4,522.33,5,COD,118
90955,2024-03-01,10431,Delhi,5091,Fashion,1,603.53,15,COD,33
90956,2024-08-19,10002,Delhi,5026,Electronics,1,764.68,0,UPI,38
90957,2024-01-25,10473,Delhi,5038,Fashion,4,383.06,0,Card,89
90958,2024-03-24,10524,Pune,5050,Electronics,2,106.11,0,COD,65
90959,2024-07-17,10676,Bangalore,5093,Food,1,504.74,0,UPI,55
90960,2024-04-12,10106,Bangalore,5069,Food,3,129.95,15,UPI,31
90961,2024-12-02,10407,Pune,5084,Food,4,157.01,10,Card,40
90962,2024-09-14,10790,Hyderabad,5149,Grocery,1,854.98,0,COD,105
90963,2024-12-01,10391,Hyderabad,5138,Fashion,1,302.32,20,Wallet,84
90964,2024-11-07,10131,Chennai,5145,Electronics,3,213.11,0,COD,89
90965,2024-03-02,10610,Hyderabad,5063,Grocery,2,386.16,0,Card,82
90966,2024-12-15,10398,Pune,5163,Food,1,245.85,10,Wallet,47
90967,2024-04-10,10367,Pune,5151,Fashion,3,568.8,5,COD,67
90968,2024-11-03,10755,Chennai,5084,Grocery,4,142.4,0,Wallet,97
90969,2024-04-07,10490,Hyderabad,5182,Electronics,4,181.68,0,Card,27
90970,2024-09-02,10333,Hyderabad,5122,Grocery,1,711.08,0,UPI,108
90971,2024-12-21,10457,Chennai,5030,Fashion,1,359.12,10,Wallet,65
90972,2024-11-07,10686,Pune,5006,Fashion,1,224.91,0,COD,77
90973,2024-06-09,10006,Delhi,5169,Fashion,1,162.81,0,COD,52
90974,2024-02-02,10308,Chennai,5025,Electronics,2,722.62,5,Card,34
90975,2024-07-02,10202,Chennai,5012,Food,2,482.22,10,Wallet,27
90976,2024-07-04,10480,Pune,5006,Grocery,3,198.36,10,UPI,51
90977,2024-06-25,10685,Delhi,5107,Grocery,2,536.7,0,UPI,68
90978,2024-12-01,10636,Pune,5117,Fashion,1,657.84,10,Wallet,78
90979,2024-08-17,10672,Chennai,5123,Electronics,2,608.27,5,Card,110
90980,2024-05-04,10706,Bangalore,5131,Fashion,1,476.34,15,UPI,30
90981,2024-02-04,10055,Chennai,5014,Fashion,3,463.7,0,COD,83
90982,2024-06-19,10169,Chennai,5143,Food,3,156.28,10,UPI,54
90983,2024-01-29,10097,Chennai,5105,Electronics,4,849.05,20,Card,44
90984,2024-09-08,10003,Mumbai,5187,Fashion,4,885.43,5,Card,39
90985,2024-09-18,10567,Delhi,5050,Food,4,106.1,0,Card,112
90986,2024-03-14,10755,Chennai,5186,Fashion,1,211.93,20,Card,92
90987,2024-02-19,10266,Chennai,5041,Electronics,4,154.36,10,Card,46
90988,2024-03-30,10351,Bangalore,5012,Grocery,2,424.53,10,COD,74
90989,2024-04-02,10695,Pune,5083,Grocery,4,495.82,5,Card,47
90990,2024-12-14,10528,Pune,5018,Grocery,4,735.68,5,UPI,99
90991,2024-09-19,10044,Chennai,5094,Grocery,2,868.41,20,UPI,36
90992,2024-03-16,10099,Chennai,5037,Food,2,112.62,0,Card,43
90993,2024-02-20,10597,Bangalore,5132,Grocery,4,162.8,20,COD,64
90994,2024-05-28,10736,Hyderabad,5187,Fashion,3,941.39,0,COD,51
90995,2024-12-17,10476,Pune,5014,Fashion,3,422.11,0,COD,92
90996,2024-02-22,10144,Chennai,5147,Food,4,225.45,15,UPI,24
90997,2024-08-04,10489,Pune,5162,Food,1,342.22,10,Card,112
90998,2024-07-10,10477,Bangalore,5001,Fashion,4,668.71,5,Wallet,53
90999,2024-07-11,10383,Pune,5193,Food,3,159.59,10,Card,63
91000,2024-10-23,10313,Hyderabad,5200,Electronics,4,374.83,0,Wallet,38
91001,2024-08-28,10233,Bangalore,5005,Grocery,4,242.22,15,UPI,68
91002,2024-05-15,10448,Chennai,5139,Grocery,2,298.46,0,Card,35
91003,2024-06-11,10427,Pune,5065,Grocery,3,962.51,10,Card,25
91004,2024-12-28,10558,Mumbai,5076,Food,3,543.29,0,UPI,26
91005,2024-12-27,10126,Pune,5163,Fashion,2,235.63,0,COD,87
91006,2024-08-02,10436,Pune,5067,Food,2,185.75,10,Wallet,64
91007,2024-03-03,10251,Mumbai,5159,Food,4,1024.53,15,COD,40
91008,2024-09-26,10279,Chennai,5085,Electronics,2,419.56,10,UPI,104
91009,2024-03-26,10312,Mumbai,5030,Electronics,4,433.42,0,COD,114
91010,2024-09-23,10537,Hyderabad,5042,Electronics,4,72.08,10,UPI,43
91011,2024-07-16,10496,Hyderabad,5035,Grocery,4,1016.16,15,UPI,88
91012,2024-11-14,10158,Pune,5085,Food,4,528.75,0,COD,98
91013,2024-11-10,10305,Pune,5102,Fashion,4,279.52,5,Wallet,92
91014,2024-09-24,10783,Mumbai,5186,Grocery,4,192.86,20,COD,25
91015,2024-09-22,10772,Pune,5026,Fashion,4,654.43,20,UPI,97
91016,2024-05-17,10670,Bangalore,5172,Electronics,4,225.37,0,UPI,74
91017,2024-05-27,10748,Chennai,5030,Fashion,1,499.28,10,COD,78
91018,2024-03-13,10750,Bangalore,5067,Fashion,2,143.62,10,UPI,77
91019,2024-01-07,10172,Chennai,5119,Electronics,2,909.32,15,COD,94
91020,2024-09-01,10700,Hyderabad,5197,Grocery,4,712.4,15,UPI,49
91021,2024-11-20,10426,Hyderabad,5015,Grocery,2,173.95,0,UPI,51
91022,2024-04-19,10316,Chennai,5108,Electronics,1,867.79,5,COD,88
91023,2024-11-10,10540,Bangalore,5136,Fashion,3,266.38,0,UPI,25
91024,2024-08-01,10061,Pune,5063,Food,1,470.53,10,Card,86
91025,2024-03-03,10285,Chennai,5004,Food,3,920.86,5,Wallet,76
91026,2024-07-18,10270,Bangalore,5061,Electronics,2,626.9,5,COD,63
91027,2024-02-26,10711,Hyderabad,5149,Electronics,2,750.48,5,UPI,80
91028,2024-11-28,10782,Hyderabad,5010,Grocery,3,501.44,5,UPI,47
91029,2024-03-26,10272,Delhi,5017,Electronics,1,520.17,15,Card,21
91030,2024-01-14,10773,Mumbai,5148,Food,3,513.73,15,COD,115
91031,2024-11-08,10080,Chennai,5157,Fashion,4,458.05,5,COD,53
91032,2024-11-10,10195,Mumbai,5006,Grocery,1,239.27,0,Card,92
91033,2024-12-01,10445,Pune,5054,Electronics,3,294.46,15,UPI,41
91034,2024-03-24,10513,Chennai,5102,Fashion,3,299.57,5,UPI,66
91035,2024-08-20,10648,Mumbai,5003,Electronics,4,83.66,0,UPI,64
91036,2024-10-01,10321,Mumbai,5038,Fashion,2,431.05,15,Wallet,88
91037,2024-10-09,10677,Delhi,5155,Fashion,3,691.73,5,Card,74
91038,2024-05-03,10747,Delhi,5017,Fashion,1,627.59,10,Card,87
91039,2024-07-02,10270,Bangalore,5125,Electronics,2,276.83,5,Card,64
91040,2024-11-11,10688,Mumbai,5050,Fashion,1,149.01,0,UPI,88
91041,2024-03-16,10466,Chennai,5029,Grocery,4,256.18,5,Wallet,108
91042,2024-08-27,10705,Chennai,5191,Food,3,460.26,5,Card,53
91043,2024-05-17,10117,Hyderabad,5034,Fashion,1,415.58,5,UPI,54
91044,2024-05-18,10133,Bangalore,5012,Food,3,453.06,0,Wallet,33
91045,2024-06-12,10537,Hyderabad,5092,Grocery,3,728.09,15,UPI,47
91046,2024-11-04,10302,Chennai,5093,Food,3,496.84,0,UPI,90
91047,2024-03-10,10468,Delhi,5172,Food,1,222.8,10,Card,34
91048,2024-01-12,10155,Delhi,5061,Food,3,663.54,0,COD,49
91049,2024-10-19,10525,Mumbai,5067,Fashion,4,151.22,15,Wallet,80
91050,2024-12-29,10220,Pune,5125,Fashion,4,343.49,10,COD,48
91051,2024-04-21,10693,Delhi,5140,Electronics,3,474.31,0,COD,77
91052,2024-02-16,10544,Hyderabad,5161,Food,4,263.62,10,Card,110
91053,2024-03-21,10187,Delhi,5185,Grocery,2,84.37,15,Wallet,109
91054,2024-10-14,10485,Chennai,5031,Electronics,2,146.72,0,UPI,63
91055,2024-10-17,10638,Pune,5187,Grocery,2,801.33,10,COD,62
91056,2024-07-18,10416,Delhi,5117,Fashion,2,878.24,5,Wallet,31
91057,2024-06-12,10400,Chennai,5002,Food,1,408.17,5,UPI,56
91058,2024-10-24,10404,Mumbai,5126,Food,1,689.12,20,Wallet,104
91059,2024-01-26,10794,Bangalore,5128,Fashion,3,452.99,10,UPI,96
91060,2024-03-06,10517,Delhi,5133,Electronics,3,683.12,20,UPI,67
91061,2024-03-08,10315,Mumbai,5102,Fashion,1,261.29,5,COD,111
91062,2024-01-01,10530,Bangalore,5033,Food,4,740.44,0,COD,115
91063,2024-03-03,10663,Pune,5032,Electronics,4,403.94,0,Wallet,27
91064,2024-12-05,10608,Hyderabad,5199,Grocery,4,400.43,15,Card,95
91065,2024-09-24,10277,Pune,5003,Food,4,102.73,0,Wallet,111
91066,2024-09-16,10629,Mumbai,5195,Food,1,164.44,10,Card,112
91067,2024-10-01,10730,Mumbai,5066,Fashion,1,518.55,0,Card,74
91068,2024-02-22,10592,Bangalore,5026,Fashion,1,582.44,5,Wallet,69
91069,2024-03-25,10566,Hyderabad,5112,Electronics,2,696.88,5,Card,84
91070,2024-02-03,10255,Mumbai,5029,Food,2,253.93,10,UPI,38
91071,2024-04-14,10297,Pune,5168,Grocery,4,486.86,5,Wallet,30
91072,2024-07-08,10332,Mumbai,5141,Fashion,2,228.55,10,Wallet,27
91073,2024-06-23,10629,Mumbai,5179,Food,4,319.77,0,UPI,82
91074,2024-05-13,10448,Chennai,5038,Grocery,3,393.16,10,COD,45
91075,2024-08-29,10678,Hyderabad,5021,Electronics,1,182.09,15,Card,66
91076,2024-01-31,10245,Hyderabad,5036,Grocery,1,626.76,20,COD,60
91077,2024-02-05,10661,Bangalore,5148,Food,4,609.4,20,COD,92
91078,2024-10-29,10406,Mumbai,5063,Fashion,1,474.61,5,COD,25
91079,2024-12-05,10054,Hyderabad,5092,Food,3,914.25,10,COD,58
91080,2024-11-28,10016,Bangalore,5037,Grocery,1,117.74,5,UPI,94
91081,2024-05-07,10526,Chennai,5083,Food,1,488.32,10,Card,22
91082,2024-01-06,10491,Hyderabad,5141,Grocery,4,277.99,20,UPI,65
91083,2024-06-18,10439,Bangalore,5117,Fashion,3,945.28,5,Wallet,103
91084,2024-07-26,10761,Chennai,5187,Fashion,4,923.27,20,Card,94
91085,2024-02-03,10002,Delhi,5111,Fashion,3,187.82,20,Card,52
91086,2024-06-09,10729,Chennai,5104,Electronics,2,584.85,0,Card,74
91087,2024-06-20,10180,Chennai,5075,Electronics,2,109.86,0,Wallet,39
91088,2024-10-26,10717,Pune,5104,Electronics,2,566.05,0,Wallet,27
91089,2024-03-10,10400,Chennai,5122,Fashion,4,700.88,10,Card,74
91090,2024-01-16,10626,Pune,5174,Electronics,3,809.96,0,COD,38
91091,2024-05-31,10016,Bangalore,5136,Food,4,285.99,20,Wallet,54
91092,2024-01-08,10296,Bangalore,5107,Fashion,4,662.62,20,UPI,44
91093,2024-01-19,10254,Pune,5053,Fashion,2,248.79,0,Wallet,104
91094,2024-11-01,10578,Hyderabad,5123,Grocery,3,501.19,10,Card,48
91095,2024-07-25,10499,Mumbai,5166,Fashion,3,506.37,5,Wallet,36
91096,2024-12-18,10544,Hyderabad,5067,Fashion,3,148.5,5,Card,97
91097,2024-04-02,10430,Delhi,5130,Fashion,1,922.72,10,UPI,22
91098,2024-08-13,10162,Mumbai,5008,Electronics,3,714.48,0,Card,30
91099,2024-11-12,10797,Mumbai,5078,Food,3,184.34,15,UPI,110
91100,2024-03-10,10441,Mumbai,5109,Electronics,1,802.75,0,Card,44
91101,2024-03-31,10238,Chennai,5114,Grocery,3,833.66,5,COD,95
91102,2024-04-19,10505,Mumbai,5172,Electronics,2,259.08,5,Wallet,32
91103,2024-07-02,10798,Delhi,5159,Food,3,999.19,15,Card,89
91104,2024-01-28,10739,Pune,5063,Food,1,397.59,15,COD,116
91105,2024-06-05,10394,Bangalore,5149,Food,2,1058.4,10,COD,33
91106,2024-08-21,10430,Delhi,5124,Grocery,2,261.07,20,UPI,69
91107,2024-08-31,10120,Chennai,5076,Grocery,2,497.07,10,Card,67
91108,2024-05-23,10005,Pune,5169,Fashion,3,140.55,5,COD,80
91109,2024-07-22,10172,Chennai,5046,Fashion,3,861.21,10,COD,67
91110,2024-02-11,10184,Delhi,5189,Grocery,2,749.4,0,Card,49
91111,2024-02-01,10706,Bangalore,5019,Grocery,3,465.25,15,UPI,105
91112,2024-10-18,10635,Chennai,5178,Electronics,3,951.58,5,Card,92
91113,2024-11-19,10688,Mumbai,5164,Grocery,4,628.85,20,Wallet,42
91114,2024-07-28,10240,Pune,5199,Food,1,527.99,10,UPI,100
91115,2024-05-19,10002,Delhi,5181,Electronics,2,580.72,15,Card,57
91116,2024-03-18,10003,Mumbai,5059,Grocery,1,540.84,20,Wallet,52
91117,2024-08-22,10576,Chennai,5050,Electronics,4,137.38,0,UPI,33
91118,2024-09-25,10080,Chennai,5146,Food,2,72.39,5,COD,80
91119,2024-05-17,10528,Pune,5195,Grocery,2,174.11,20,Card,75
91120,2024-01-29,10217,Hyderabad,5166,Food,4,493.69,5,Card,115
91121,2024-04-17,10325,Pune,5051,Grocery,4,813.26,0,COD,21
91122,2024-02-21,10790,Hyderabad,5153,Food,2,95.98,0,COD,66
91123,2024-08-02,10226,Hyderabad,5184,Fashion,4,261.78,15,COD,79
91124,2024-06-02,10245,Hyderabad,5005,Electronics,3,269.4,15,Wallet,33
91125,2024-05-09,10223,Bangalore,5105,Food,2,713.23,0,Card,80
91126,2024-06-25,10063,Mumbai,5010,Electronics,4,483.72,10,COD,77
91127,2024-03-06,10729,Chennai,5060,Electronics,3,205.47,20,Wallet,25
91128,2024-08-08,10358,Chennai,5084,Electronics,4,141.23,0,COD,69
91129,2024-03-16,10012,Chennai,5127,Grocery,4,1039.07,10,Wallet,104
91130,2024-04-29,10417,Delhi,5139,Electronics,1,324.73,0,COD,21
91131,2024-05-20,10336,Hyderabad,5135,Fashion,2,778.92,5,Card,62
91132,2024-07-21,10150,Mumbai,5107,Electronics,1,537.32,5,COD,23
91133,2024-02-02,10573,Hyderabad,5178,Food,2,976.09,0,UPI,29
91134,2024-12-04,10471,Mumbai,5149,Fashion,3,813.32,15,Wallet,39
91135,2024-08-26,10574,Bangalore,5166,Fashion,4,475.99,10,Card,47
91136,2024-05-11,10232,Mumbai,5104,Fashion,3,540.83,5,COD,85
91137,2024-03-25,10139,Delhi,5112,Fashion,1,867.15,0,COD,106
91138,2024-03-03,10744,Delhi,5157,Electronics,2,452.16,5,COD,54
91139,2024-12-07,10504,Pune,5005,Grocery,4,258.49,5,Wallet,88
91140,2024-09-07,10009,Chennai,5146,Grocery,2,60.57,15,Wallet,57
91141,2024-03-02,10354,Hyderabad,5026,Grocery,4,646.11,0,Wallet,50
91142,2024-02-01,10403,Pune,5094,Food,2,759.14,5,UPI,31
91143,2024-03-04,10523,Pune,5137,Grocery,2,362.49,0,COD,98
91144,2024-12-10,10492,Mumbai,5134,Food,3,136.15,10,COD,86
91145,2024-10-16,10112,Chennai,5187,Grocery,1,853.44,0,UPI,29
91146,2024-12-09,10761,Chennai,5115,Food,1,419.61,10,Wallet,69
91147,2024-09-21,10382,Bangalore,5151,Food,4,587.59,0,UPI,106
91148,2024-03-01,10388,Bangalore,5100,Food,3,961.46,10,Card,110
91149,2024-02-02,10088,Chennai,5055,Electronics,2,532.73,0,COD,75
91150,2024-10-05,10736,Hyderabad,5197,Food,2,526.19,0,Card,34
91151,2024-12-23,10670,Bangalore,5185,Fashion,4,62.22,15,Wallet,27
91152,2024-06-07,10148,Mumbai,5107,Grocery,1,586.57,0,COD,69
91153,2024-09-26,10081,Chennai,5080,Food,2,600.8,5,Card,39
91154,2024-08-19,10382,Bangalore,5067,Food,2,167.75,0,COD,21
91155,2024-07-08,10075,Hyderabad,5119,Grocery,1,906.42,10,Wallet,106
91156,2024-05-05,10284,Bangalore,5065,Electronics,1,732.28,5,UPI,44
91157,2024-05-23,10124,Mumbai,5101,Fashion,3,463.65,0,Card,74
91158,2024-02-22,10299,Hyderabad,5198,Fashion,2,583.67,10,UPI,98
91159,2024-04-17,10165,Hyderabad,5179,Food,2,305.04,15,Card,76
91160,2024-06-23,10388,Bangalore,5082,Electronics,2,911.33,20,Card,38
91161,2024-04-17,10613,Delhi,5004,Grocery,2,879.85,5,Card,60
91162,2024-03-26,10768,Hyderabad,5158,Grocery,1,963.09,10,UPI,102
91163,2024-12-08,10605,Bangalore,5091,Food,4,516.13,15,Card,73
91164,2024-05-07,10027,Pune,5008,Fashion,3,762.54,5,Wallet,52
91165,2024-06-13,10705,Chennai,5034,Food,3,444.75,5,Wallet,77
91166,2024-07-09,10158,Pune,5134,Electronics,4,170.73,0,COD,53
91167,2024-03-21,10699,Bangalore,5171,Fashion,2,143.2,0,UPI,62
91168,2024-03-29,10001,Mumbai,5113,Electronics,3,577.55,5,Wallet,56
91169,2024-03-31,10343,Bangalore,5085,Grocery,4,535.46,15,UPI,28
91170,2024-03-16,10643,Mumbai,5161,Food,3,215.76,0,Wallet,30
91171,2024-07-23,10096,Pune,5132,Fashion,4,208.99,15,COD,105
91172,2024-11-18,10339,Mumbai,5060,Grocery,1,262.13,0,Card,95
91173,2024-04-09,10464,Delhi,5063,Food,4,495.99,20,Wallet,22
91174,2024-09-30,10311,Bangalore,5039,Food,3,623.08,15,UPI,94
91175,2024-09-19,10383,Pune,5079,Fashion,2,627.04,0,UPI,94
91176,2024-12-03,10356,Pune,5163,Electronics,1,242.29,15,COD,31
91177,2024-11-06,10055,Chennai,5091,Grocery,1,568.97,20,Wallet,72
91178,2024-03-26,10771,Hyderabad,5113,Grocery,3,610.37,5,COD,31
91179,2024-01-30,10603,Chennai,5169,Grocery,2,168.21,0,Wallet,116
91180,2024-09-26,10309,Delhi,5179,Fashion,2,318.53,10,Wallet,91
91181,2024-10-04,10233,Bangalore,5055,Food,3,646.72,0,COD,38
91182,2024-02-23,10757,Pune,5192,Electronics,3,661.28,5,COD,73
91183,2024-08-17,10370,Chennai,5049,Fashion,4,352.33,0,Wallet,31
91184,2024-06-19,10381,Hyderabad,5066,Fashion,2,556.12,5,UPI,46
91185,2024-11-18,10387,Hyderabad,5090,Fashion,4,260.05,5,COD,65
91186,2024-07-28,10662,Mumbai,5102,Grocery,1,312.96,0,Card,114
91187,2024-04-16,10065,Mumbai,5138,Fashion,1,355.79,15,UPI,58
91188,2024-05-18,10697,Bangalore,5041,Food,4,148.71,0,Card,59
91189,2024-08-03,10163,Pune,5146,Electronics,1,75.37,10,UPI,46
91190,2024-06-23,10448,Chennai,5052,Food,1,367.99,20,COD,43
91191,2024-02-01,10463,Mumbai,5116,Fashion,4,509.69,10,Card,47
91192,2024-05-23,10641,Mumbai,5081,Grocery,2,148.63,0,Card,106
91193,2024-08-22,10485,Chennai,5082,Grocery,3,879.82,5,COD,77
91194,2024-02-09,10754,Hyderabad,5072,Food,2,273.58,0,UPI,44
91195,2024-06-01,10162,Mumbai,5007,Electronics,3,555.14,20,COD,55
91196,2024-05-28,10275,Mumbai,5169,Food,3,159.42,5,Card,56
91197,2024-11-03,10437,Mumbai,5007,Fashion,4,676.07,10,Card,41
91198,2024-07-29,10564,Bangalore,5178,Food,2,868.94,0,Wallet,67
91199,2024-01-03,10696,Pune,5162,Fashion,3,299.18,0,UPI,36
91200,2024-06-28,10082,Delhi,5037,Electronics,2,111.74,5,UPI,61
91201,2024-04-24,10129,Delhi,5048,Electronics,3,144.0,20,COD,88
91202,2024-03-31,10267,Hyderabad,5140,Fashion,4,476.62,15,Wallet,35
91203,2024-01-06,10782,Hyderabad,5194,Fashion,1,617.99,10,Wallet,106
91204,2024-04-12,10528,Pune,5155,Electronics,4,659.29,0,COD,57
91205,2024-12-02,10180,Chennai,5021,Grocery,4,232.37,15,Wallet,55
91206,2024-10-31,10741,Mumbai,5003,Food,3,80.28,5,Card,45
91207,2024-07-01,10623,Hyderabad,5121,Food,2,703.74,0,Card,104
91208,2024-11-26,10306,Delhi,5199,Grocery,4,372.41,15,UPI,48
91209,2024-07-09,10371,Bangalore,5044,Fashion,3,276.89,0,UPI,48
91210,2024-04-05,10074,Bangalore,5173,Grocery,1,514.61,20,Wallet,23
91211,2024-12-12,10155,Delhi,5177,Food,3,706.08,0,UPI,105
91212,2024-12-06,10469,Delhi,5127,Food,2,983.62,5,UPI,118
91213,2024-02-08,10022,Mumbai,5006,Electronics,3,223.23,15,COD,33
91214,2024-08-01,10530,Bangalore,5096,Fashion,2,693.33,20,UPI,68
91215,2024-02-22,10359,Mumbai,5147,Food,2,197.79,5,Wallet,78
91216,2024-01-05,10384,Pune,5146,Fashion,4,65.36,0,UPI,83
91217,2024-08-03,10095,Chennai,5048,Grocery,1,135.54,10,Wallet,95
91218,2024-05-30,10103,Mumbai,5180,Food,3,502.48,15,Wallet,85
91219,2024-08-14,10700,Hyderabad,5083,Grocery,4,496.11,5,COD,24
91220,2024-06-19,10709,Bangalore,5123,Grocery,4,528.12,0,Wallet,25
91221,2024-03-30,10303,Delhi,5079,Grocery,1,742.28,0,UPI,20
91222,2024-02-09,10516,Bangalore,5091,Fashion,1,443.66,15,Wallet,74
91223,2024-09-17,10786,Mumbai,5035,Food,3,916.82,10,Card,52
91224,2024-10-29,10513,Chennai,5102,Electronics,2,239.54,0,Wallet,97
91225,2024-10-02,10002,Delhi,5099,Electronics,3,710.79,5,UPI,90
91226,2024-11-13,10385,Pune,5123,Grocery,3,514.21,10,COD,22
91227,2024-01-11,10084,Pune,5017,Fashion,2,596.73,0,Wallet,59
91228,2024-11-12,10678,Hyderabad,5137,Food,1,263.82,0,Wallet,71
91229,2024-06-15,10124,Mumbai,5133,Fashion,4,676.07,15,UPI,63
91230,2024-04-03,10580,Bangalore,5102,Fashion,2,326.23,20,Card,41
91231,2024-12-07,10014,Mumbai,5166,Food,4,411.27,10,Card,31
91232,2024-04-03,10396,Bangalore,5034,Electronics,1,414.3,20,Wallet,80
91233,2024-06-28,10193,Bangalore,5129,Fashion,3,1034.28,10,COD,79
91234,2024-07-09,10672,Chennai,5048,Fashion,4,194.29,10,COD,74
91235,2024-10-17,10076,Hyderabad,5123,Grocery,3,487.97,0,COD,48
91236,2024-12-26,10250,Bangalore,5079,Electronics,1,613.66,0,UPI,83
91237,2024-11-29,10800,Pune,5050,Food,2,107.88,0,Wallet,94
91238,2024-09-23,10567,Delhi,5162,Fashion,3,335.15,15,UPI,71
91239,2024-09-16,10017,Hyderabad,5194,Fashion,1,603.35,15,Wallet,45
91240,2024-05-13,10300,Chennai,5131,Electronics,2,506.59,0,COD,68
91241,2024-06-19,10578,Hyderabad,5024,Food,3,481.64,0,Wallet,50
91242,2024-11-27,10187,Delhi,5025,Food,2,634.61,0,Wallet,32
91243,2024-04-20,10101,Mumbai,5095,Food,2,495.11,10,UPI,26
91244,2024-04-21,10787,Chennai,5076,Grocery,3,657.02,10,Wallet,77
91245,2024-02-18,10636,Pune,5104,Fashion,4,542.37,10,COD,65
91246,2024-08-08,10563,Bangalore,5192,Food,2,551.41,0,Wallet,35
91247,2024-05-15,10180,Chennai,5099,Food,4,713.31,5,COD,89
91248,2024-06-13,10363,Chennai,5103,Food,4,582.76,0,Card,110
91249,2024-06-05,10137,Chennai,5153,Electronics,3,103.17,0,Wallet,36
91250,2024-10-07,10727,Hyderabad,5187,Grocery,4,826.44,15,COD,58
91251,2024-05-06,10237,Pune,5098,Electronics,1,427.94,20,Wallet,72
91252,2024-11-22,10256,Delhi,5197,Fashion,2,670.38,0,COD,100
91253,2024-06-27,10263,Delhi,5146,Electronics,3,70.45,0,Wallet,34
91254,2024-07-11,10109,Delhi,5088,Fashion,4,166.13,20,UPI,67
91255,2024-05-17,10130,Pune,5025,Electronics,2,576.1,15,UPI,39
91256,2024-04-19,10214,Pune,5093,Food,1,516.47,15,Wallet,93
91257,2024-06-18,10640,Bangalore,5058,Fashion,4,786.64,5,Wallet,44
91258,2024-04-07,10104,Bangalore,5199,Grocery,1,441.33,5,COD,77
91259,2024-07-19,10280,Hyderabad,5122,Food,3,914.0,0,UPI,47
91260,2024-08-31,10618,Mumbai,5059,Food,4,512.32,0,Wallet,62
91261,2024-12-11,10656,Bangalore,5174,Food,2,944.68,15,UPI,54
91262,2024-10-18,10329,Chennai,5087,Food,1,290.1,20,UPI,49
91263,2024-09-14,10005,Pune,5098,Fashion,2,517.61,15,Wallet,103
91264,2024-07-03,10060,Chennai,5134,Fashion,4,169.06,15,Card,92
91265,2024-07-08,10721,Bangalore,5116,Fashion,2,496.39,20,Wallet,51
91266,2024-04-27,10029,Delhi,5022,Grocery,1,158.07,15,Card,95
91267,2024-11-19,10102,Delhi,5121,Electronics,4,580.9,0,Card,98
91268,2024-08-27,10282,Delhi,5181,Food,1,410.53,0,Wallet,80
91269,2024-01-10,10216,Chennai,5140,Food,4,421.26,0,Card,68
91270,2024-08-24,10637,Chennai,5138,Electronics,2,379.86,5,Card,56
91271,2024-07-08,10263,Delhi,5060,Grocery,3,201.38,0,Card,68
91272,2024-01-27,10384,Pune,5105,Fashion,4,715.93,0,Card,69
91273,2024-01-26,10004,Bangalore,5049,Fashion,3,433.17,5,UPI,114
91274,2024-07-18,10478,Hyderabad,5197,Electronics,2,652.64,10,Wallet,48
91275,2024-04-11,10655,Bangalore,5168,Electronics,4,360.83,15,Wallet,75
91276,2024-03-02,10334,Delhi,5011,Food,1,540.27,10,Wallet,21
91277,2024-03-12,10456,Chennai,5019,Food,3,486.54,5,Wallet,70
91278,2024-07-31,10391,Hyderabad,5076,Fashion,1,603.03,10,UPI,33
91279,2024-02-25,10733,Chennai,5035,Fashion,3,812.88,0,Wallet,22
91280,2024-01-23,10640,Bangalore,5196,Grocery,4,775.38,20,UPI,38
91281,2024-03-16,10126,Pune,5021,Fashion,2,190.13,0,UPI,21
91282,2024-11-24,10175,Delhi,5097,Food,1,1095.59,5,Wallet,116
91283,2024-08-26,10688,Mumbai,5121,Food,1,698.24,10,COD,81
91284,2024-08-23,10270,Bangalore,5030,Grocery,2,503.05,5,Card,32
91285,2024-08-25,10427,Pune,5078,Fashion,1,236.95,5,COD,118
91286,2024-01-29,10118,Mumbai,5073,Fashion,3,383.09,20,UPI,33
91287,2024-01-06,10277,Pune,5162,Food,3,352.36,0,Wallet,90
91288,2024-01-30,10033,Delhi,5148,Electronics,3,537.06,5,UPI,87
91289,2024-10-14,10061,Pune,5046,Grocery,2,900.31,5,Card,106
91290,2024-11-19,10405,Pune,5118,Food,1,961.52,5,Wallet,44
91291,2024-05-07,10285,Chennai,5083,Grocery,3,579.07,0,UPI,106
91292,2024-04-01,10235,Hyderabad,5191,Food,3,366.97,15,COD,71
91293,2024-05-14,10062,Pune,5160,Fashion,1,184.42,10,Card,68
91294,2024-12-18,10458,Chennai,5090,Grocery,4,304.52,10,Card,88
91295,2024-08-27,10338,Hyderabad,5076,Fashion,3,531.14,10,UPI,101
91296,2024-05-29,10329,Chennai,5007,Food,1,610.06,0,UPI,59
91297,2024-06-19,10629,Mumbai,5115,Fashion,3,429.93,10,UPI,117
91298,2024-11-12,10441,Mumbai,5188,Fashion,2,108.66,5,Card,46
91299,2024-05-12,10056,Bangalore,5164,Fashion,2,598.13,10,Wallet,112
91300,2024-09-17,10592,Bangalore,5029,Food,3,233.74,20,Card,71
91301,2024-03-25,10785,Bangalore,5034,Grocery,3,367.5,10,Wallet,87
91302,2024-04-17,10548,Chennai,5065,Fashion,3,864.09,10,Wallet,92
91303,2024-11-14,10631,Hyderabad,5020,Food,3,721.78,20,Wallet,32
91304,2024-10-19,10683,Hyderabad,5133,Electronics,1,804.33,0,UPI,36
91305,2024-10-08,10247,Bangalore,5149,Electronics,1,905.01,0,UPI,98
91306,2024-03-12,10533,Hyderabad,5102,Food,2,291.69,20,Wallet,21
91307,2024-01-09,10356,Pune,5037,Fashion,3,86.01,0,Card,25
91308,2024-08-01,10140,Bangalore,5133,Grocery,3,696.7,0,UPI,69
91309,2024-03-08,10531,Pune,5199,Grocery,2,394.57,5,Wallet,116
91310,2024-08-06,10222,Bangalore,5032,Food,3,573.71,10,UPI,112
91311,2024-05-15,10060,Chennai,5089,Electronics,2,410.07,5,Card,75
91312,2024-08-21,10006,Delhi,5013,Grocery,4,242.88,15,Card,100
91313,2024-07-26,10122,Mumbai,5014,Grocery,3,428.38,15,Card,97
91314,2024-09-29,10788,Mumbai,5162,Food,3,354.34,5,COD,86
91315,2024-05-12,10363,Chennai,5198,Food,2,628.62,5,COD,117
91316,2024-07-02,10574,Bangalore,5096,Food,2,872.41,0,Card,114
91317,2024-02-11,10608,Hyderabad,5075,Electronics,4,116.57,5,COD,67
91318,2024-10-09,10607,Pune,5196,Food,1,718.95,10,Wallet,54
91319,2024-09-25,10641,Mumbai,5167,Electronics,1,912.8,15,COD,73
91320,2024-07-09,10114,Bangalore,5173,Electronics,1,543.45,10,UPI,90
91321,2024-09-12,10283,Chennai,5027,Food,1,146.69,5,Wallet,55
91322,2024-05-13,10726,Pune,5012,Grocery,3,549.55,5,COD,119
91323,2024-12-27,10016,Bangalore,5156,Electronics,1,891.24,0,Card,35
91324,2024-08-02,10154,Delhi,5177,Grocery,4,875.61,10,COD,38
91325,2024-10-14,10671,Bangalore,5171,Grocery,1,149.35,10,Card,72
91326,2024-12-24,10231,Pune,5041,Electronics,1,161.59,20,UPI,118
91327,2024-10-22,10281,Bangalore,5150,Grocery,3,126.72,5,COD,85
91328,2024-01-24,10145,Bangalore,5196,Fashion,3,745.81,10,COD,36
91329,2024-07-09,10149,Hyderabad,5198,Electronics,4,700.68,0,COD,67
91330,2024-04-08,10610,Hyderabad,5199,Food,3,384.38,10,Wallet,75
91331,2024-02-15,10238,Chennai,5175,Food,1,868.35,5,Card,95
91332,2024-04-18,10216,Chennai,5134,Grocery,4,170.17,5,COD,75
91333,2024-07-14,10180,Chennai,5154,Electronics,1,338.61,15,Card,58
91334,2024-06-19,10771,Hyderabad,5031,Grocery,2,194.6,0,COD,21
91335,2024-07-30,10712,Pune,5090,Food,1,302.22,10,UPI,67
91336,2024-05-23,10366,Mumbai,5192,Fashion,4,559.49,0,Wallet,73
91337,2024-08-26,10697,Bangalore,5091,Electronics,3,554.39,0,UPI,62
91338,2024-12-04,10645,Mumbai,5146,Grocery,4,76.79,10,Wallet,84
91339,2024-03-16,10308,Chennai,5086,Food,4,531.08,10,UPI,115
91340,2024-04-12,10436,Pune,5150,Electronics,2,96.55,0,Wallet,110
91341,2024-07-20,10698,Chennai,5099,Electronics,1,754.86,0,Card,90
91342,2024-09-21,10153,Chennai,5002,Electronics,4,417.82,20,UPI,119
91343,2024-03-23,10720,Pune,5040,Grocery,4,468.31,5,UPI,106
91344,2024-04-11,10586,Delhi,5164,Fashion,2,564.75,5,UPI,118
91345,2024-10-08,10755,Chennai,5020,Food,2,634.51,5,Wallet,117
91346,2024-06-14,10671,Bangalore,5182,Grocery,3,207.2,5,COD,29
91347,2024-02-09,10705,Chennai,5140,Fashion,1,405.26,10,Card,98
91348,2024-11-01,10001,Mumbai,5126,Food,1,729.78,10,COD,64
91349,2024-12-06,10405,Pune,5106,Food,4,642.47,15,Wallet,89
91350,2024-11-23,10169,Chennai,5191,Fashion,1,487.62,0,COD,85
91351,2024-04-22,10213,Mumbai,5197,Fashion,2,708.35,5,Wallet,87
91352,2024-08-27,10393,Mumbai,5172,Grocery,4,267.93,5,Wallet,74
91353,2024-09-22,10337,Chennai,5052,Food,1,404.27,5,Wallet,58
91354,2024-03-23,10116,Delhi,5064,Electronics,1,1080.78,20,UPI,22
91355,2024-09-16,10549,Bangalore,5147,Fashion,1,269.41,5,Card,43
91356,2024-04-19,10754,Hyderabad,5162,Electronics,2,380.13,15,UPI,102
91357,2024-03-18,10769,Delhi,5119,Food,4,693.7,15,UPI,109
91358,2024-10-06,10406,Mumbai,5161,Food,2,233.23,10,Wallet,67
91359,2024-04-28,10107,Bangalore,5176,Food,4,638.06,0,Wallet,77
91360,2024-10-06,10320,Hyderabad,5151,Electronics,2,520.22,20,UPI,57
91361,2024-05-15,10373,Hyderabad,5115,Fashion,3,439.08,0,COD,41
91362,2024-02-05,10612,Mumbai,5057,Grocery,3,659.57,0,Card,69
91363,2024-09-26,10346,Bangalore,5099,Food,3,895.84,0,COD,97
91364,2024-01-08,10529,Chennai,5082,Fashion,1,862.14,10,Card,103
91365,2024-12-02,10578,Hyderabad,5083,Electronics,1,654.94,10,COD,85
91366,2024-05-25,10038,Delhi,5120,Electronics,4,272.13,20,UPI,45
91367,2024-01-06,10594,Hyderabad,5047,Fashion,1,530.07,20,Card,80
91368,2024-06-09,10049,Hyderabad,5171,Electronics,4,153.42,0,Wallet,55
91369,2024-03-08,10571,Pune,5006,Grocery,2,210.2,0,UPI,51
91370,2024-02-29,10165,Hyderabad,5008,Fashion,2,932.19,5,Card,103
91371,2024-07-30,10230,Delhi,5019,Fashion,2,488.32,0,Wallet,106
91372,2024-05-21,10758,Delhi,5061,Electronics,1,563.23,5,Wallet,83
91373,2024-05-06,10591,Mumbai,5129,Grocery,1,817.46,15,COD,21
91374,2024-12-19,10702,Chennai,5122,Electronics,2,907.13,5,Wallet,44
91375,2024-07-10,10689,Chennai,5172,Food,1,246.19,20,Card,22
91376,2024-01-28,10363,Chennai,5036,Electronics,1,707.04,0,COD,34
91377,2024-11-28,10164,Chennai,5038,Electronics,4,419.93,0,COD,20
91378,2024-01-25,10545,Mumbai,5035,Food,4,1044.86,0,UPI,105
91379,2024-11-06,10569,Bangalore,5063,Electronics,3,393.01,5,COD,74
91380,2024-04-10,10007,Hyderabad,5066,Fashion,4,484.99,5,UPI,86
91381,2024-01-09,10379,Bangalore,5197,Food,2,734.93,15,Card,78
91382,2024-01-13,10025,Mumbai,5126,Electronics,4,621.54,0,Card,55
91383,2024-04-26,10800,Pune,5022,Grocery,1,140.11,0,COD,72
91384,2024-03-13,10426,Hyderabad,5164,Electronics,3,774.69,0,Card,26
91385,2024-12-13,10039,Pune,5147,Food,3,238.23,15,COD,87
91386,2024-11-04,10022,Mumbai,5068,Electronics,3,434.81,10,Wallet,79
91387,2024-07-02,10116,Delhi,5063,Fashion,3,425.66,5,UPI,97
91388,2024-12-28,10770,Mumbai,5056,Grocery,2,125.82,0,Card,30
91389,2024-03-25,10656,Bangalore,5133,Fashion,3,888.27,15,UPI,92
91390,2024-11-08,10431,Delhi,5076,Food,3,625.63,15,Wallet,85
91391,2024-09-01,10469,Delhi,5087,Food,2,333.56,0,UPI,21
91392,2024-08-02,10500,Hyderabad,5192,Fashion,2,703.33,5,Wallet,86
91393,2024-05-28,10283,Chennai,5137,Fashion,4,306.67,5,Wallet,105
91394,2024-12-07,10424,Hyderabad,5023,Food,4,625.91,10,Wallet,77
91395,2024-09-10,10192,Chennai,5093,Fashion,2,437.19,0,Card,103
91396,2024-01-09,10778,Mumbai,5080,Grocery,2,719.96,5,COD,99
91397,2024-01-23,10798,Delhi,5076,Grocery,2,506.7,10,UPI,50
91398,2024-10-10,10434,Pune,5142,Electronics,4,813.88,10,COD,46
91399,2024-12-01,10026,Hyderabad,5013,Fashion,4,269.45,15,COD,46
91400,2024-09-12,10714,Delhi,5093,Fashion,2,502.48,0,Wallet,36
91401,2024-09-12,10302,Chennai,5117,Food,3,949.55,10,UPI,86
91402,2024-06-17,10764,Hyderabad,5122,Fashion,3,696.24,0,COD,82
91403,2024-04-17,10086,Delhi,5180,Grocery,2,492.8,0,Wallet,55
91404,2024-02-26,10583,Hyderabad,5015,Grocery,1,145.18,10,Card,47
91405,2024-11-26,10711,Hyderabad,5096,Electronics,1,835.07,0,Card,83
91406,2024-06-03,10567,Delhi,5058,Fashion,2,727.51,5,Card,60
91407,2024-04-04,10197,Delhi,5082,Food,3,835.17,5,Wallet,92
91408,2024-04-21,10455,Hyderabad,5079,Fashion,4,582.93,0,Card,85
91409,2024-10-25,10651,Delhi,5058,Grocery,4,886.11,0,Wallet,51
91410,2024-10-22,10525,Mumbai,5095,Grocery,4,397.41,0,UPI,98
91411,2024-07-24,10699,Bangalore,5021,Electronics,3,186.29,5,Wallet,56
91412,2024-05-22,10083,Hyderabad,5151,Fashion,4,455.89,10,Wallet,36
91413,2024-03-31,10291,Hyderabad,5045,Fashion,1,162.4,20,COD,29
91414,2024-07-17,10184,Delhi,5069,Grocery,1,131.51,10,Card,68
91415,2024-09-08,10636,Pune,5031,Grocery,3,171.77,15,UPI,75
91416,2024-02-04,10274,Mumbai,5040,Grocery,4,548.2,5,UPI,48
91417,2024-02-19,10384,Pune,5171,Electronics,4,112.1,5,Wallet,89
91418,2024-08-29,10727,Hyderabad,5160,Food,3,159.22,10,UPI,22
91419,2024-04-02,10669,Bangalore,5140,Electronics,2,355.27,5,Card,105
91420,2024-09-27,10434,Pune,5050,Food,2,105.14,15,Card,27
91421,2024-01-23,10374,Pune,5005,Food,2,268.86,15,Card,80
91422,2024-03-20,10246,Delhi,5090,Electronics,4,321.3,0,UPI,109
91423,2024-11-10,10308,Chennai,5182,Grocery,2,214.42,0,Wallet,86
91424,2024-03-08,10702,Chennai,5027,Electronics,3,145.99,15,UPI,101
91425,2024-03-01,10234,Mumbai,5165,Electronics,4,445.97,0,UPI,71
91426,2024-07-03,10550,Hyderabad,5035,Grocery,3,1048.96,5,UPI,35
91427,2024-11-30,10298,Hyderabad,5159,Food,2,774.09,15,Card,49
91428,2024-01-02,10556,Pune,5139,Fashion,3,368.18,15,Wallet,80
91429,2024-08-05,10275,Mumbai,5120,Fashion,1,276.99,10,COD,71
91430,2024-10-12,10340,Delhi,5139,Food,1,352.38,0,Card,56
91431,2024-09-20,10717,Pune,5175,Fashion,2,834.04,20,Wallet,31
91432,2024-01-31,10474,Chennai,5131,Fashion,1,462.8,10,Card,112
91433,2024-06-15,10785,Bangalore,5069,Grocery,4,114.82,15,UPI,114
91434,2024-06-16,10296,Bangalore,5055,Food,2,626.23,15,COD,63
91435,2024-12-20,10799,Chennai,5005,Grocery,1,297.77,5,Card,88
91436,2024-08-01,10546,Delhi,5200,Grocery,4,426.33,15,Wallet,57
91437,2024-08-30,10124,Mumbai,5082,Fashion,3,947.62,15,UPI,40
91438,2024-03-21,10032,Pune,5152,Food,2,1076.79,0,Wallet,65
91439,2024-10-04,10527,Chennai,5184,Electronics,3,215.56,5,Wallet,54
91440,2024-11-28,10409,Mumbai,5042,Fashion,3,62.1,5,COD,33
91441,2024-08-21,10514,Mumbai,5135,Food,4,856.24,0,UPI,62
91442,2024-07-18,10048,Bangalore,5017,Fashion,3,473.38,5,COD,95
91443,2024-05-04,10296,Bangalore,5011,Fashion,1,691.57,15,Wallet,112
91444,2024-06-01,10485,Chennai,5175,Food,1,939.47,0,COD,44
91445,2024-08-02,10787,Chennai,5155,Grocery,3,667.18,0,Card,96
91446,2024-07-29,10781,Delhi,5168,Fashion,1,449.37,15,COD,24
91447,2024-10-18,10469,Delhi,5055,Electronics,1,518.66,20,Card,55
91448,2024-12-24,10039,Pune,5145,Fashion,2,241.35,0,Wallet,38
91449,2024-05-23,10017,Hyderabad,5045,Fashion,2,176.61,10,Card,84
91450,2024-01-19,10700,Hyderabad,5184,Fashion,1,209.2,0,UPI,62
91451,2024-03-06,10144,Chennai,5115,Food,3,513.13,10,UPI,74
91452,2024-12-28,10544,Hyderabad,5089,Food,1,552.6,0,Wallet,20
91453,2024-09-10,10452,Mumbai,5086,Food,3,419.59,0,UPI,105
91454,2024-03-04,10755,Chennai,5033,Food,4,718.29,0,UPI,97
91455,2024-08-24,10480,Pune,5012,Fashion,1,422.98,15,COD,39
91456,2024-12-29,10180,Chennai,5081,Grocery,2,133.43,5,Card,113
91457,2024-04-22,10376,Delhi,5130,Grocery,2,882.22,0,COD,116
91458,2024-03-06,10706,Bangalore,5127,Fashion,3,856.88,20,UPI,60
91459,2024-12-23,10256,Delhi,5057,Fashion,1,682.31,20,COD,65
91460,2024-09-14,10138,Mumbai,5056,Fashion,3,122.28,0,UPI,69
91461,2024-06-23,10106,Bangalore,5079,Electronics,4,706.19,5,Wallet,45
91462,2024-10-01,10071,Pune,5006,Food,2,184.6,10,UPI,26
91463,2024-07-24,10296,Bangalore,5134,Food,3,146.97,5,Wallet,21
91464,2024-07-27,10268,Chennai,5149,Fashion,4,932.91,5,Card,37
91465,2024-04-01,10774,Mumbai,5151,Food,2,608.44,15,UPI,91
91466,2024-04-10,10441,Mumbai,5113,Fashion,4,620.44,10,UPI,34
91467,2024-03-18,10564,Bangalore,5047,Grocery,1,523.82,10,UPI,22
91468,2024-08-20,10076,Hyderabad,5054,Fashion,3,309.22,10,Card,76
91469,2024-09-19,10529,Chennai,5046,Fashion,2,946.88,0,COD,36
91470,2024-04-29,10271,Pune,5017,Fashion,3,503.53,20,Wallet,116
91471,2024-06-06,10737,Hyderabad,5184,Fashion,4,240.17,15,Wallet,111
91472,2024-06-08,10483,Chennai,5120,Fashion,4,305.83,0,Card,117
91473,2024-07-05,10572,Hyderabad,5142,Food,2,717.75,15,Card,69
91474,2024-01-19,10252,Pune,5133,Fashion,3,786.29,15,Wallet,64
91475,2024-03-01,10133,Bangalore,5130,Food,3,949.9,5,COD,26
91476,2024-06-29,10186,Bangalore,5058,Grocery,4,684.52,15,Wallet,23
91477,2024-02-12,10324,Hyderabad,5059,Fashion,2,599.28,0,Wallet,109
91478,2024-11-25,10625,Hyderabad,5179,Electronics,1,302.85,5,Wallet,47
91479,2024-01-11,10120,Chennai,5064,Food,3,843.01,20,UPI,35
91480,2024-11-16,10634,Bangalore,5081,Electronics,3,112.4,5,UPI,93
91481,2024-01-20,10088,Chennai,5166,Food,2,577.16,10,COD,33
91482,2024-02-25,10140,Bangalore,5137,Fashion,3,310.54,5,Card,111
91483,2024-09-16,10452,Mumbai,5120,Fashion,1,292.08,15,UPI,102
91484,2024-05-25,10730,Mumbai,5078,Fashion,1,244.06,0,UPI,73
91485,2024-02-19,10143,Hyderabad,5193,Electronics,2,214.56,10,COD,98
91486,2024-12-04,10007,Hyderabad,5171,Electronics,3,115.49,10,Wallet,40
91487,2024-01-27,10340,Delhi,5065,Electronics,4,1009.61,20,UPI,45
91488,2024-07-04,10138,Mumbai,5053,Grocery,2,357.39,0,Wallet,77
91489,2024-05-26,10635,Chennai,5162,Electronics,2,284.16,10,Card,111
91490,2024-10-03,10564,Bangalore,5016,Food,1,653.61,5,UPI,76
91491,2024-06-11,10049,Hyderabad,5053,Grocery,2,334.07,20,Wallet,108
91492,2024-09-11,10355,Pune,5107,Fashion,3,513.04,20,UPI,25
91493,2024-04-19,10578,Hyderabad,5005,Food,1,241.53,10,Wallet,45
91494,2024-05-14,10440,Hyderabad,5086,Electronics,4,441.99,5,UPI,34
91495,2024-12-16,10583,Hyderabad,5014,Grocery,1,496.12,0,Wallet,46
91496,2024-11-05,10322,Hyderabad,5028,Food,3,845.49,5,Card,112
91497,2024-01-28,10247,Bangalore,5185,Food,4,76.55,15,Wallet,27
91498,2024-03-26,10545,Mumbai,5166,Food,2,536.67,5,Wallet,103
91499,2024-10-08,10681,Pune,5012,Fashion,3,505.38,5,Wallet,57
91500,2024-02-12,10665,Mumbai,5053,Food,2,356.37,0,UPI,27
91501,2024-12-27,10545,Mumbai,5032,Fashion,1,417.04,0,UPI,37
91502,2024-06-04,10734,Mumbai,5087,Fashion,4,303.83,5,COD,72
91503,2024-10-22,10068,Bangalore,5047,Electronics,1,542.2,0,Wallet,88
91504,2024-08-01,10234,Mumbai,5179,Food,1,319.24,20,UPI,98
91505,2024-03-31,10154,Delhi,5138,Food,4,346.27,5,COD,45
91506,2024-08-02,10489,Pune,5118,Food,4,984.76,5,Card,42
91507,2024-11-23,10520,Pune,5110,Food,1,835.02,10,Wallet,28
91508,2024-02-25,10797,Mumbai,5055,Fashion,4,613.58,0,UPI,86
91509,2024-11-05,10150,Mumbai,5114,Electronics,1,783.21,10,Card,84
91510,2024-12-18,10128,Delhi,5075,Grocery,2,99.72,15,Card,39
91511,2024-03-23,10389,Mumbai,5069,Fashion,1,102.26,5,Card,105
91512,2024-07-01,10149,Hyderabad,5011,Fashion,1,680.66,10,Card,50
91513,2024-12-06,10588,Hyderabad,5192,Electronics,3,725.41,15,Wallet,116
91514,2024-01-17,10306,Delhi,5071,Electronics,3,126.17,10,UPI,48
91515,2024-11-10,10732,Hyderabad,5154,Fashion,1,357.19,0,COD,27
91516,2024-05-14,10164,Chennai,5132,Fashion,1,198.51,20,UPI,40
91517,2024-01-29,10219,Chennai,5187,Fashion,1,892.53,5,Wallet,63
91518,2024-09-12,10411,Mumbai,5191,Grocery,1,383.32,5,COD,114
91519,2024-12-11,10775,Bangalore,5151,Food,1,598.57,10,UPI,94
91520,2024-10-18,10577,Chennai,5169,Electronics,1,138.36,15,Wallet,85
91521,2024-05-07,10109,Delhi,5147,Grocery,3,234.01,0,Wallet,55
91522,2024-08-17,10682,Pune,5098,Grocery,4,446.52,5,Card,109
91523,2024-10-27,10598,Delhi,5065,Fashion,2,737.13,0,Card,58
91524,2024-01-29,10215,Chennai,5142,Food,3,832.12,15,COD,107
91525,2024-03-22,10578,Hyderabad,5112,Food,2,824.08,0,COD,69
91526,2024-05-29,10332,Mumbai,5196,Fashion,2,618.16,15,Wallet,93
91527,2024-12-27,10601,Chennai,5125,Fashion,2,335.48,20,UPI,87
91528,2024-04-23,10113,Pune,5178,Electronics,3,774.79,10,Card,56
91529,2024-09-20,10353,Bangalore,5090,Fashion,3,261.13,5,Card,43
91530,2024-07-26,10362,Bangalore,5192,Grocery,2,725.39,5,Wallet,95
91531,2024-05-15,10063,Mumbai,5009,Food,3,613.85,0,Wallet,66
91532,2024-01-16,10292,Pune,5136,Electronics,1,237.75,0,Card,84
91533,2024-04-10,10479,Bangalore,5156,Food,4,1021.19,10,COD,29
91534,2024-12-24,10397,Chennai,5147,Electronics,4,214.19,5,Card,27
91535,2024-11-17,10440,Hyderabad,5098,Grocery,2,462.38,10,Card,93
91536,2024-06-03,10691,Delhi,5197,Grocery,2,528.45,10,Card,96
91537,2024-11-26,10622,Mumbai,5185,Food,4,77.67,0,Wallet,61
91538,2024-06-06,10351,Bangalore,5072,Electronics,2,283.63,5,UPI,34
91539,2024-08-05,10646,Mumbai,5026,Fashion,2,795.97,5,Card,117
91540,2024-02-02,10029,Delhi,5134,Food,2,127.17,15,Wallet,118
91541,2024-12-09,10246,Delhi,5117,Electronics,2,748.04,5,Card,111
91542,2024-09-29,10112,Chennai,5045,Fashion,2,148.83,10,Card,50
91543,2024-11-25,10140,Bangalore,5013,Food,2,291.22,15,UPI,38
91544,2024-04-10,10793,Pune,5082,Fashion,4,798.62,20,UPI,80
91545,2024-02-08,10737,Hyderabad,5094,Food,3,892.06,5,Wallet,41
91546,2024-04-16,10079,Chennai,5058,Grocery,4,714.18,5,Card,86
91547,2024-03-10,10279,Chennai,5100,Grocery,2,932.49,15,UPI,75
91548,2024-01-21,10462,Pune,5036,Electronics,3,529.15,0,Wallet,118
91549,2024-08-15,10697,Bangalore,5137,Electronics,3,361.4,15,Wallet,107
91550,2024-10-17,10660,Chennai,5022,Electronics,3,171.28,5,COD,72
91551,2024-10-03,10691,Delhi,5155,Food,3,689.04,15,UPI,117
91552,2024-01-14,10525,Mumbai,5008,Grocery,3,853.84,5,COD,107
91553,2024-08-18,10637,Chennai,5038,Grocery,1,403.12,0,COD,56
91554,2024-07-01,10502,Mumbai,5136,Food,3,231.44,10,Card,74
91555,2024-12-04,10689,Chennai,5100,Fashion,1,1030.31,10,COD,25
91556,2024-02-09,10749,Hyderabad,5166,Grocery,2,471.87,10,COD,31
91557,2024-07-08,10619,Chennai,5199,Electronics,4,489.7,15,COD,114
91558,2024-04-19,10277,Pune,5114,Grocery,2,1006.66,10,UPI,42
91559,2024-01-26,10458,Chennai,5076,Grocery,1,592.33,0,Wallet,94
91560,2024-02-16,10756,Chennai,5138,Grocery,4,368.22,5,Card,65
91561,2024-08-29,10493,Bangalore,5053,Grocery,4,341.94,5,Wallet,76
91562,2024-06-11,10782,Hyderabad,5057,Electronics,2,597.9,5,Wallet,115
91563,2024-06-20,10658,Pune,5123,Fashion,3,618.95,10,Wallet,50
91564,2024-08-22,10287,Delhi,5036,Electronics,2,658.64,0,Card,84
91565,2024-04-20,10431,Delhi,5131,Electronics,3,587.42,10,UPI,36
91566,2024-01-30,10037,Delhi,5011,Fashion,3,577.98,5,Card,74
91567,2024-08-17,10471,Mumbai,5142,Food,3,877.11,0,UPI,106
91568,2024-06-28,10144,Chennai,5016,Grocery,2,611.69,20,UPI,78
91569,2024-08-12,10184,Delhi,5079,Food,4,595.08,0,Wallet,46
91570,2024-05-17,10058,Bangalore,5035,Grocery,2,937.89,0,COD,98
91571,2024-09-30,10779,Bangalore,5096,Grocery,2,640.23,0,Wallet,32
91572,2024-11-06,10607,Pune,5016,Food,1,621.76,20,COD,24
91573,2024-10-18,10397,Chennai,5162,Grocery,4,322.25,5,Card,49
91574,2024-09-10,10619,Chennai,5047,Grocery,2,615.54,0,Card,106
91575,2024-03-18,10054,Hyderabad,5030,Electronics,3,384.02,15,COD,38
91576,2024-02-24,10082,Delhi,5105,Fashion,3,765.86,5,Wallet,44
91577,2024-01-17,10255,Mumbai,5077,Food,3,305.47,0,COD,104
91578,2024-01-24,10426,Hyderabad,5014,Grocery,2,513.64,5,UPI,48
91579,2024-07-28,10249,Pune,5126,Electronics,4,574.41,0,COD,54
91580,2024-04-19,10009,Chennai,5002,Fashion,1,378.07,5,Wallet,79
91581,2024-01-15,10121,Delhi,5046,Grocery,4,860.69,15,UPI,68
91582,2024-09-25,10429,Pune,5117,Food,1,671.88,5,UPI,80
91583,2024-08-16,10587,Chennai,5001,Fashion,2,832.69,15,Wallet,56
91584,2024-08-01,10788,Mumbai,5111,Food,2,159.79,0,UPI,39
91585,2024-11-29,10166,Chennai,5107,Food,4,518.69,5,Card,105
91586,2024-02-29,10468,Delhi,5028,Grocery,3,938.98,5,UPI,79
91587,2024-08-31,10770,Mumbai,5176,Grocery,1,684.88,10,Card,107
91588,2024-06-15,10030,Mumbai,5061,Electronics,1,644.28,5,Wallet,104
91589,2024-07-12,10692,Chennai,5075,Electronics,1,115.12,10,COD,62
91590,2024-08-01,10180,Chennai,5029,Food,1,228.99,15,UPI,51
91591,2024-05-30,10217,Hyderabad,5047,Food,1,587.11,0,UPI,60
91592,2024-07-12,10527,Chennai,5154,Grocery,4,412.35,10,Card,48
91593,2024-06-29,10758,Delhi,5159,Fashion,3,710.84,0,Card,67
91594,2024-07-05,10732,Hyderabad,5183,Electronics,2,394.0,15,Wallet,110
91595,2024-09-04,10154,Delhi,5124,Grocery,3,235.69,0,COD,89
91596,2024-01-10,10737,Hyderabad,5043,Fashion,3,286.1,0,UPI,48
91597,2024-03-10,10645,Mumbai,5176,Grocery,2,592.92,0,Card,22
91598,2024-05-14,10616,Mumbai,5088,Electronics,4,164.66,0,UPI,33
91599,2024-05-25,10480,Pune,5167,Fashion,3,737.01,20,COD,114
91600,2024-11-08,10348,Hyderabad,5115,Food,4,413.45,0,Wallet,72
91601,2024-05-07,10562,Pune,5049,Grocery,2,379.38,0,COD,115
91602,2024-06-26,10756,Chennai,5082,Electronics,1,799.31,10,UPI,59
91603,2024-01-22,10230,Delhi,5075,Fashion,2,137.92,10,Wallet,60
91604,2024-05-17,10322,Hyderabad,5175,Food,3,812.89,0,Card,35
91605,2024-01-14,10446,Hyderabad,5042,Fashion,3,64.23,5,COD,73
91606,2024-07-23,10581,Bangalore,5114,Food,4,1039.1,0,UPI,99
91607,2024-12-09,10343,Bangalore,5149,Grocery,3,821.72,5,Card,72
91608,2024-10-10,10625,Hyderabad,5027,Fashion,2,149.46,5,Wallet,88
91609,2024-01-17,10111,Chennai,5011,Food,1,709.76,20,Card,46
91610,2024-06-26,10610,Hyderabad,5155,Electronics,3,590.44,15,Card,21
91611,2024-11-18,10145,Bangalore,5031,Food,2,176.87,0,Card,115
91612,2024-09-03,10274,Mumbai,5111,Electronics,2,134.36,20,Card,85
91613,2024-02-20,10180,Chennai,5127,Food,2,1056.6,0,COD,107
91614,2024-04-18,10480,Pune,5053,Food,1,276.89,0,Wallet,119
91615,2024-12-22,10092,Hyderabad,5164,Fashion,3,686.05,0,Wallet,94
91616,2024-08-11,10737,Hyderabad,5124,Electronics,4,234.41,0,COD,82
91617,2024-07-28,10322,Hyderabad,5029,Electronics,1,293.62,10,Card,98
91618,2024-08-05,10089,Mumbai,5062,Electronics,1,517.04,5,Wallet,62
91619,2024-05-07,10450,Chennai,5143,Food,3,209.11,5,Wallet,45
91620,2024-07-26,10077,Delhi,5074,Food,2,623.11,0,Wallet,93
91621,2024-02-24,10253,Bangalore,5007,Food,3,538.93,5,Wallet,94
91622,2024-01-16,10303,Delhi,5031,Electronics,4,161.78,15,Card,56
91623,2024-01-08,10047,Hyderabad,5187,Food,4,888.47,20,UPI,51
91624,2024-09-08,10585,Hyderabad,5190,Electronics,1,992.08,10,COD,90
91625,2024-09-19,10390,Mumbai,5063,Fashion,4,484.41,10,Wallet,89
91626,2024-12-02,10090,Bangalore,5063,Food,3,462.1,0,COD,85
91627,2024-03-04,10131,Chennai,5104,Electronics,4,463.95,10,UPI,108
91628,2024-02-12,10673,Bangalore,5125,Electronics,3,337.16,15,UPI,50
91629,2024-08-11,10417,Delhi,5074,Electronics,2,834.33,0,Wallet,43
91630,2024-02-16,10356,Pune,5006,Fashion,4,194.24,5,Wallet,22
91631,2024-05-19,10360,Delhi,5054,Food,1,339.11,20,COD,32
91632,2024-02-07,10644,Pune,5140,Fashion,3,470.02,0,UPI,119
91633,2024-10-19,10345,Pune,5142,Food,1,729.73,0,UPI,88
91634,2024-12-05,10441,Mumbai,5146,Fashion,4,66.97,10,COD,73
91635,2024-02-10,10060,Chennai,5001,Fashion,4,828.67,10,UPI,92
91636,2024-03-29,10402,Mumbai,5066,Food,3,600.21,10,COD,27
91637,2024-10-31,10009,Chennai,5037,Fashion,4,81.81,0,COD,97
91638,2024-11-30,10407,Pune,5124,Electronics,2,274.05,10,Card,72
91639,2024-02-05,10756,Chennai,5098,Grocery,1,456.11,5,UPI,90
91640,2024-11-11,10240,Pune,5123,Food,2,552.38,5,Card,68
91641,2024-12-11,10080,Chennai,5065,Fashion,3,834.96,10,Wallet,61
91642,2024-03-13,10129,Delhi,5012,Grocery,2,554.19,20,UPI,58
91643,2024-04-26,10727,Hyderabad,5061,Grocery,2,619.37,0,Wallet,36
91644,2024-05-05,10052,Pune,5068,Grocery,3,363.4,0,Card,37
91645,2024-08-06,10637,Chennai,5172,Fashion,3,293.77,0,Wallet,87
91646,2024-08-03,10092,Hyderabad,5135,Grocery,3,667.55,15,COD,90
91647,2024-09-12,10387,Hyderabad,5057,Grocery,1,725.58,5,COD,74
91648,2024-07-03,10152,Bangalore,5191,Grocery,4,490.78,15,Card,37
91649,2024-09-05,10021,Chennai,5164,Grocery,3,741.64,0,UPI,76
91650,2024-06-17,10056,Bangalore,5095,Electronics,3,430.67,5,Wallet,50
91651,2024-02-04,10038,Delhi,5101,Electronics,2,375.46,20,Card,65
91652,2024-03-08,10390,Mumbai,5189,Food,4,733.21,10,UPI,112
91653,2024-04-19,10218,Mumbai,5080,Fashion,3,737.68,10,Wallet,107
91654,2024-12-02,10250,Bangalore,5019,Electronics,1,425.65,5,UPI,93
91655,2024-04-30,10038,Delhi,5189,Fashion,1,723.34,0,COD,67
91656,2024-12-29,10523,Pune,5101,Electronics,2,499.25,15,COD,96
91657,2024-03-05,10229,Pune,5160,Fashion,1,170.76,5,Wallet,80
91658,2024-09-16,10339,Mumbai,5045,Grocery,1,184.37,15,Card,88
91659,2024-05-07,10260,Chennai,5180,Grocery,1,548.23,20,COD,44
91660,2024-04-22,10432,Hyderabad,5191,Food,1,341.39,15,Wallet,22
91661,2024-05-15,10411,Mumbai,5060,Food,3,214.66,15,Wallet,26
91662,2024-12-01,10049,Hyderabad,5193,Fashion,3,215.96,10,Card,36
91663,2024-03-03,10582,Hyderabad,5134,Grocery,3,157.41,0,Wallet,44
91664,2024-01-28,10279,Chennai,5174,Food,4,929.76,10,Wallet,39
91665,2024-03-22,10636,Pune,5042,Electronics,4,81.02,0,Card,27
91666,2024-01-27,10343,Bangalore,5142,Food,1,881.41,10,COD,24
91667,2024-01-03,10287,Delhi,5026,Grocery,1,787.1,0,Wallet,83
91668,2024-07-21,10085,Pune,5061,Fashion,1,581.25,15,Card,38
91669,2024-11-25,10045,Pune,5157,Food,1,488.06,5,COD,112
91670,2024-07-03,10654,Hyderabad,5120,Grocery,3,318.76,5,Wallet,28
91671,2024-05-19,10679,Mumbai,5087,Fashion,3,367.8,0,UPI,87
91672,2024-11-15,10671,Bangalore,5170,Food,3,515.76,15,COD,95
91673,2024-08-13,10033,Delhi,5172,Food,1,310.13,15,Wallet,24
91674,2024-05-28,10760,Pune,5186,Grocery,1,183.2,10,UPI,81
91675,2024-02-23,10684,Pune,5080,Food,3,734.78,5,UPI,99
91676,2024-10-07,10075,Hyderabad,5158,Fashion,3,817.14,5,Wallet,84
91677,2024-02-24,10490,Hyderabad,5187,Fashion,2,784.61,15,UPI,63
91678,2024-05-18,10333,Hyderabad,5101,Grocery,1,362.54,10,UPI,103
91679,2024-04-20,10011,Delhi,5019,Grocery,1,423.3,10,COD,49
91680,2024-06-15,10190,Chennai,5015,Food,3,176.52,10,Wallet,32
91681,2024-09-27,10433,Hyderabad,5178,Food,1,757.25,10,COD,101
91682,2024-11-13,10703,Delhi,5093,Electronics,4,536.51,0,Card,30
91683,2024-05-03,10105,Mumbai,5038,Grocery,4,493.41,5,Wallet,23
91684,2024-07-29,10321,Mumbai,5050,Fashion,2,134.14,10,Card,76
91685,2024-09-24,10318,Bangalore,5067,Food,2,188.02,20,Wallet,105
91686,2024-08-29,10731,Bangalore,5052,Electronics,4,475.62,0,Wallet,115
91687,2024-01-18,10431,Delhi,5020,Electronics,3,624.67,0,COD,113
91688,2024-10-05,10612,Mumbai,5120,Food,2,356.75,15,Card,48
91689,2024-01-29,10094,Hyderabad,5035,Fashion,1,1034.09,5,Card,112
91690,2024-03-14,10037,Delhi,5173,Grocery,4,464.53,15,Card,26
91691,2024-11-21,10270,Bangalore,5160,Food,1,162.41,10,UPI,52
91692,2024-09-10,10636,Pune,5128,Food,2,370.69,10,Wallet,88
91693,2024-07-01,10210,Pune,5080,Food,4,577.41,15,UPI,23
91694,2024-05-18,10650,Hyderabad,5164,Grocery,2,701.41,0,Card,91
91695,2024-01-01,10540,Bangalore,5042,Food,1,75.42,10,COD,119
91696,2024-09-21,10675,Chennai,5168,Grocery,1,492.05,5,UPI,115
91697,2024-10-29,10749,Hyderabad,5091,Food,3,425.58,0,UPI,106
91698,2024-11-13,10182,Bangalore,5110,Grocery,3,798.57,15,Wallet,28
91699,2024-02-26,10669,Bangalore,5185,Grocery,1,66.55,5,COD,22
91700,2024-06-13,10487,Hyderabad,5131,Grocery,3,464.45,10,Wallet,63
91701,2024-04-17,10021,Chennai,5024,Food,3,424.56,0,COD,63
91702,2024-11-05,10747,Delhi,5142,Fashion,1,843.13,5,Wallet,39
91703,2024-03-19,10738,Delhi,5105,Electronics,3,896.35,5,Wallet,109
91704,2024-03-10,10614,Delhi,5070,Electronics,2,472.57,15,Wallet,45
91705,2024-12-10,10374,Pune,5189,Grocery,4,639.45,0,Wallet,112
91706,2024-08-24,10478,Hyderabad,5171,Electronics,2,148.22,10,UPI,66
91707,2024-08-10,10699,Bangalore,5004,Food,3,663.49,5,Wallet,46
91708,2024-03-07,10399,Bangalore,5008,Fashion,4,962.6,5,COD,50
91709,2024-01-18,10737,Hyderabad,5115,Electronics,2,473.69,10,COD,97
91710,2024-05-16,10164,Chennai,5081,Electronics,1,149.05,5,UPI,50
91711,2024-08-24,10140,Bangalore,5195,Food,4,157.5,20,COD,64
91712,2024-01-29,10696,Pune,5197,Electronics,2,584.34,10,COD,27
91713,2024-10-05,10754,Hyderabad,5089,Grocery,1,553.13,10,Wallet,113
91714,2024-07-04,10066,Pune,5160,Food,3,156.99,10,COD,110
91715,2024-03-10,10258,Mumbai,5097,Electronics,4,1053.36,20,Wallet,26
91716,2024-06-05,10280,Hyderabad,5061,Food,1,717.22,0,Wallet,75
91717,2024-11-24,10033,Delhi,5069,Grocery,4,115.14,0,Wallet,116
91718,2024-12-15,10118,Mumbai,5068,Fashion,3,369.26,15,Card,66
91719,2024-05-13,10500,Hyderabad,5192,Food,1,676.93,5,COD,89
91720,2024-02-28,10407,Pune,5171,Electronics,3,133.48,0,Card,62
91721,2024-03-18,10490,Hyderabad,5086,Fashion,3,528.48,0,COD,51
91722,2024-01-23,10007,Hyderabad,5156,Fashion,4,1027.17,0,Card,82
91723,2024-01-15,10784,Chennai,5194,Fashion,3,678.29,0,Wallet,75
91724,2024-08-24,10525,Mumbai,5122,Electronics,4,783.58,10,Wallet,52
91725,2024-12-17,10123,Delhi,5063,Grocery,3,440.22,5,UPI,116
91726,2024-09-20,10743,Delhi,5187,Electronics,3,911.25,0,Card,103
91727,2024-01-18,10097,Chennai,5181,Electronics,1,402.16,0,COD,58
91728,2024-02-18,10144,Chennai,5069,Grocery,1,102.31,20,UPI,66
91729,2024-05-25,10242,Hyderabad,5114,Food,3,962.08,5,Wallet,62
91730,2024-11-04,10429,Pune,5058,Food,3,652.62,10,COD,30
91731,2024-04-15,10756,Chennai,5006,Electronics,3,211.39,5,UPI,24
91732,2024-10-12,10261,Hyderabad,5138,Grocery,2,350.7,15,COD,75
91733,2024-09-21,10361,Chennai,5063,Food,2,477.23,10,UPI,87
91734,2024-02-27,10637,Chennai,5112,Electronics,1,660.74,15,UPI,94
91735,2024-01-02,10104,Bangalore,5174,Food,3,679.69,20,COD,81
91736,2024-11-03,10010,Mumbai,5049,Food,4,351.8,0,Wallet,119
91737,2024-09-26,10380,Bangalore,5174,Food,2,874.12,0,COD,65
91738,2024-04-20,10474,Chennai,5064,Grocery,4,1092.37,20,UPI,100
91739,2024-03-03,10025,Mumbai,5076,Food,4,653.83,5,Card,93
91740,2024-03-13,10112,Chennai,5073,Grocery,2,408.96,5,Wallet,76
91741,2024-06-18,10451,Delhi,5090,Fashion,3,319.8,0,Wallet,110
91742,2024-07-09,10567,Delhi,5089,Fashion,3,425.71,0,COD,64
91743,2024-08-10,10204,Bangalore,5075,Electronics,2,118.42,0,COD,81
91744,2024-05-05,10751,Hyderabad,5137,Fashion,1,315.77,0,Wallet,50
91745,2024-06-10,10422,Bangalore,5038,Fashion,3,370.73,15,Card,112
91746,2024-01-28,10660,Chennai,5091,Grocery,3,462.13,5,UPI,70
91747,2024-07-06,10330,Delhi,5054,Food,4,290.75,5,Wallet,33
91748,2024-10-11,10349,Hyderabad,5111,Fashion,4,147.64,10,COD,84
91749,2024-01-31,10239,Chennai,5146,Electronics,2,79.65,20,Card,113
91750,2024-05-13,10282,Delhi,5004,Electronics,3,848.18,5,COD,112
91751,2024-04-29,10501,Mumbai,5106,Food,4,680.42,15,Wallet,96
91752,2024-11-27,10451,Delhi,5128,Electronics,2,371.21,0,Card,57
91753,2024-11-27,10160,Chennai,5194,Fashion,3,691.68,0,UPI,112
91754,2024-03-20,10501,Mumbai,5008,Grocery,3,994.16,0,UPI,92
91755,2024-10-20,10108,Mumbai,5042,Fashion,4,88.5,15,Card,107
91756,2024-05-01,10407,Pune,5044,Electronics,4,323.85,5,COD,43
91757,2024-07-08,10053,Bangalore,5144,Fashion,2,284.71,5,Wallet,92
91758,2024-12-25,10547,Chennai,5146,Electronics,1,64.93,15,UPI,89
91759,2024-09-27,10441,Mumbai,5040,Grocery,2,553.19,5,COD,23
91760,2024-03-20,10064,Hyderabad,5069,Food,4,131.75,0,UPI,31
91761,2024-03-18,10167,Hyderabad,5031,Fashion,3,176.89,5,COD,49
91762,2024-06-29,10039,Pune,5049,Electronics,4,367.12,10,Wallet,74
91763,2024-08-07,10376,Delhi,5066,Grocery,4,490.44,5,UPI,40
91764,2024-08-02,10131,Chennai,5060,Grocery,1,207.01,5,Card,89
91765,2024-12-23,10262,Hyderabad,5085,Fashion,2,491.38,0,UPI,88
91766,2024-05-18,10466,Chennai,5054,Grocery,3,278.38,0,COD,67
91767,2024-06-18,10520,Pune,5026,Grocery,3,558.69,5,Wallet,73
91768,2024-10-06,10334,Delhi,5038,Fashion,1,392.47,0,COD,93
91769,2024-12-23,10585,Hyderabad,5028,Electronics,1,797.91,15,Card,82
91770,2024-08-09,10508,Mumbai,5133,Electronics,4,642.46,20,UPI,53
91771,2024-11-26,10094,Hyderabad,5094,Grocery,3,727.97,0,UPI,56
91772,2024-12-14,10435,Mumbai,5081,Grocery,2,151.41,20,COD,44
91773,2024-01-20,10094,Hyderabad,5162,Fashion,4,352.09,15,Card,20
91774,2024-05-11,10303,Delhi,5020,Grocery,2,613.37,15,Card,84
91775,2024-07-05,10567,Delhi,5192,Electronics,1,575.25,15,COD,91
91776,2024-10-01,10355,Pune,5149,Electronics,2,918.38,10,COD,61
91777,2024-06-05,10659,Chennai,5160,Grocery,2,162.86,5,COD,69
91778,2024-08-02,10326,Bangalore,5040,Electronics,2,446.23,10,UPI,62
91779,2024-04-29,10718,Mumbai,5173,Food,2,528.99,5,Card,39
91780,2024-12-09,10114,Bangalore,5058,Grocery,1,872.88,20,COD,95
91781,2024-11-26,10418,Pune,5112,Fashion,4,635.6,0,Wallet,25
91782,2024-06-29,10434,Pune,5162,Food,1,371.42,0,COD,41
91783,2024-02-21,10791,Hyderabad,5038,Fashion,4,397.87,15,Wallet,89
91784,2024-10-09,10746,Chennai,5175,Electronics,1,865.9,20,COD,79
91785,2024-08-10,10465,Pune,5010,Food,3,586.89,20,Card,54
91786,2024-07-06,10665,Mumbai,5002,Fashion,2,390.62,0,COD,42
91787,2024-11-14,10002,Delhi,5149,Grocery,2,833.41,20,COD,97
91788,2024-05-14,10636,Pune,5085,Fashion,3,415.87,20,UPI,38
91789,2024-04-16,10079,Chennai,5162,Food,4,329.76,5,Wallet,61
91790,2024-07-20,10148,Mumbai,5059,Grocery,1,441.16,10,COD,46
91791,2024-04-23,10511,Hyderabad,5153,Electronics,3,100.44,10,Card,113
91792,2024-07-16,10366,Mumbai,5128,Food,4,411.75,5,Wallet,52
91793,2024-06-19,10314,Pune,5175,Food,2,840.16,10,Card,32
91794,2024-11-19,10710,Delhi,5146,Electronics,3,65.2,0,COD,29
91795,2024-12-27,10249,Pune,5141,Food,2,218.45,0,Card,57
91796,2024-11-28,10115,Bangalore,5062,Electronics,1,548.19,0,Wallet,23
91797,2024-04-18,10763,Chennai,5090,Electronics,2,246.06,10,UPI,41
91798,2024-06-16,10446,Hyderabad,5074,Grocery,3,792.48,20,UPI,40
91799,2024-05-10,10758,Delhi,5157,Food,1,519.81,10,COD,22
91800,2024-05-26,10698,Chennai,5027,Food,2,145.81,15,COD,49
91801,2024-01-04,10362,Bangalore,5117,Fashion,4,743.02,0,UPI,27
91802,2024-01-24,10394,Bangalore,5124,Electronics,4,232.84,5,Card,81
91803,2024-10-21,10337,Chennai,5122,Food,1,962.68,10,Card,101
91804,2024-03-05,10613,Delhi,5155,Food,3,558.03,5,Card,26
91805,2024-07-19,10605,Bangalore,5093,Grocery,4,430.99,0,COD,114
91806,2024-04-04,10143,Hyderabad,5167,Electronics,3,792.0,20,Wallet,30
91807,2024-10-03,10063,Mumbai,5177,Electronics,2,762.71,5,COD,69
91808,2024-04-03,10776,Chennai,5157,Grocery,3,442.23,5,COD,82
91809,2024-04-26,10573,Hyderabad,5073,Grocery,2,342.88,10,UPI,35
91810,2024-07-05,10042,Pune,5164,Fashion,1,637.55,5,Wallet,115
91811,2024-03-19,10491,Hyderabad,5009,Grocery,2,806.28,15,COD,81
91812,2024-07-14,10085,Pune,5042,Food,3,83.9,0,Card,79
91813,2024-02-07,10238,Chennai,5025,Food,3,680.15,15,COD,89
91814,2024-08-14,10732,Hyderabad,5159,Food,1,954.41,5,UPI,77
91815,2024-02-16,10110,Pune,5174,Food,4,924.79,10,Card,92
91816,2024-07-04,10170,Bangalore,5160,Grocery,3,144.01,0,UPI,54
91817,2024-06-14,10412,Hyderabad,5150,Electronics,3,117.24,0,Wallet,91
91818,2024-01-18,10006,Delhi,5151,Electronics,2,527.73,15,Wallet,105
91819,2024-08-29,10011,Delhi,5168,Electronics,4,449.94,15,COD,45
91820,2024-03-10,10148,Mumbai,5176,Electronics,4,683.95,10,UPI,49
91821,2024-11-22,10570,Bangalore,5072,Grocery,1,334.22,10,UPI,77
91822,2024-08-14,10077,Delhi,5028,Grocery,1,962.41,5,Wallet,63
91823,2024-10-11,10044,Chennai,5123,Fashion,4,608.08,10,COD,82
91824,2024-05-10,10361,Chennai,5096,Electronics,1,713.61,0,Card,100
91825,2024-04-02,10077,Delhi,5125,Fashion,2,312.76,10,Card,91
91826,2024-04-15,10417,Delhi,5083,Fashion,4,497.84,0,Card,105
91827,2024-05-04,10684,Pune,5179,Fashion,1,295.19,0,COD,81
91828,2024-03-02,10314,Pune,5112,Fashion,3,745.35,10,COD,41
91829,2024-06-25,10772,Pune,5018,Food,3,920.81,0,Card,77
91830,2024-09-22,10479,Bangalore,5200,Food,1,412.41,0,UPI,40
91831,2024-10-10,10299,Hyderabad,5015,Food,2,166.24,10,UPI,83
91832,2024-06-09,10538,Mumbai,5160,Grocery,1,152.58,5,COD,109
91833,2024-09-13,10254,Pune,5185,Food,4,61.6,10,COD,44
91834,2024-04-20,10167,Hyderabad,5148,Grocery,3,485.92,0,COD,20
91835,2024-02-23,10754,Hyderabad,5002,Grocery,4,380.57,20,Card,33
91836,2024-09-21,10002,Delhi,5155,Food,1,575.57,5,Wallet,75
91837,2024-06-28,10440,Hyderabad,5156,Grocery,3,979.26,10,UPI,62
91838,2024-02-15,10502,Mumbai,5141,Food,3,259.35,15,Card,115
91839,2024-11-16,10791,Hyderabad,5026,Fashion,2,700.16,20,Card,45
91840,2024-05-21,10741,Mumbai,5003,Food,3,97.72,5,Wallet,52
91841,2024-07-23,10071,Pune,5122,Grocery,2,721.58,0,UPI,64
91842,2024-03-20,10018,Chennai,5127,Grocery,2,915.56,5,Wallet,82
91843,2024-02-13,10113,Pune,5035,Electronics,2,906.38,20,Wallet,24
91844,2024-01-05,10782,Hyderabad,5167,Food,2,912.99,20,Wallet,34
91845,2024-12-08,10388,Bangalore,5184,Grocery,2,282.96,20,Wallet,65
91846,2024-11-27,10648,Mumbai,5043,Fashion,4,240.58,5,Card,102
91847,2024-02-28,10612,Mumbai,5024,Grocery,4,400.43,5,Wallet,92
91848,2024-09-13,10086,Delhi,5177,Grocery,4,917.93,15,Wallet,62
91849,2024-02-16,10428,Hyderabad,5153,Fashion,3,97.35,15,COD,91
91850,2024-08-03,10708,Bangalore,5135,Food,1,852.67,10,COD,67
91851,2024-05-06,10726,Pune,5153,Food,3,81.49,20,COD,70
91852,2024-12-02,10632,Mumbai,5164,Electronics,3,576.15,0,Card,85
91853,2024-03-28,10755,Chennai,5167,Electronics,3,677.63,5,COD,58
91854,2024-08-30,10683,Hyderabad,5108,Grocery,2,762.5,15,UPI,39
91855,2024-09-26,10381,Hyderabad,5163,Grocery,3,213.75,15,COD,48
91856,2024-07-08,10682,Pune,5081,Electronics,1,139.37,5,Wallet,44
91857,2024-05-02,10090,Bangalore,5085,Food,2,552.78,0,COD,113
91858,2024-04-04,10657,Delhi,5150,Food,1,119.7,10,COD,85
91859,2024-11-01,10525,Mumbai,5031,Fashion,4,158.51,5,UPI,78
91860,2024-09-30,10415,Chennai,5169,Fashion,1,125.74,0,Card,86
91861,2024-10-21,10510,Chennai,5002,Fashion,3,428.09,5,COD,51
91862,2024-10-08,10300,Chennai,5184,Food,1,262.38,10,Wallet,45
91863,2024-11-01,10054,Hyderabad,5127,Fashion,4,768.28,15,Card,81
91864,2024-01-08,10633,Chennai,5188,Electronics,1,138.89,5,COD,20
91865,2024-10-05,10321,Mumbai,5161,Electronics,3,218.04,10,Wallet,47
91866,2024-04-11,10136,Pune,5007,Fashion,1,509.83,5,UPI,40
91867,2024-05-03,10590,Pune,5087,Grocery,1,340.6,5,COD,82
91868,2024-05-19,10714,Delhi,5165,Food,2,416.59,0,Wallet,51
91869,2024-06-07,10519,Hyderabad,5131,Food,1,500.22,0,Wallet,82
91870,2024-08-22,10610,Hyderabad,5033,Food,2,773.64,10,Card,65
91871,2024-03-19,10335,Chennai,5017,Electronics,4,486.52,10,Card,104
91872,2024-04-10,10629,Mumbai,5101,Fashion,3,416.94,0,Card,36
91873,2024-05-22,10222,Bangalore,5059,Grocery,2,488.9,15,Wallet,49
91874,2024-06-06,10576,Chennai,5050,Fashion,3,116.93,0,COD,109
91875,2024-03-20,10394,Bangalore,5172,Electronics,4,257.29,10,Card,96
91876,2024-05-21,10060,Chennai,5092,Food,4,922.88,0,Wallet,95
91877,2024-01-20,10583,Hyderabad,5033,Grocery,3,960.57,10,COD,78
91878,2024-12-16,10336,Hyderabad,5192,Electronics,4,527.52,20,COD,56
91879,2024-03-11,10259,Pune,5179,Food,2,343.13,10,UPI,94
91880,2024-10-18,10292,Pune,5120,Grocery,2,305.44,20,UPI,22
91881,2024-03-26,10521,Mumbai,5151,Food,4,600.7,10,Card,67
91882,2024-02-02,10279,Chennai,5172,Food,4,226.11,5,UPI,80
91883,2024-11-26,10264,Delhi,5172,Food,2,286.23,10,Card,69
91884,2024-04-02,10462,Pune,5136,Food,2,236.69,10,UPI,67
91885,2024-09-21,10745,Chennai,5030,Grocery,4,467.81,5,Wallet,65
91886,2024-10-01,10178,Mumbai,5070,Fashion,4,521.16,0,Card,100
91887,2024-10-11,10540,Bangalore,5162,Electronics,2,318.91,10,COD,71
91888,2024-10-14,10253,Bangalore,5081,Grocery,3,126.07,10,UPI,42
91889,2024-06-10,10718,Mumbai,5083,Food,2,524.02,10,Card,24
91890,2024-10-11,10296,Bangalore,5061,Fashion,3,656.54,20,Card,117
91891,2024-05-01,10336,Hyderabad,5085,Fashion,2,499.17,5,COD,80
91892,2024-08-13,10241,Hyderabad,5042,Fashion,4,68.87,0,Wallet,45
91893,2024-12-22,10460,Hyderabad,5174,Grocery,1,724.77,15,Wallet,53
91894,2024-11-02,10343,Bangalore,5022,Grocery,2,139.71,5,UPI,111
91895,2024-10-21,10116,Delhi,5139,Grocery,2,375.29,0,COD,99
91896,2024-12-02,10774,Mumbai,5060,Fashion,3,204.4,20,UPI,103
91897,2024-02-04,10788,Mumbai,5022,Food,4,122.76,0,Wallet,95
91898,2024-02-29,10502,Mumbai,5107,Grocery,4,531.04,0,UPI,77
91899,2024-05-19,10376,Delhi,5033,Food,1,921.04,5,Card,93
91900,2024-03-03,10788,Mumbai,5116,Fashion,4,665.65,5,Wallet,42
91901,2024-12-04,10295,Delhi,5072,Fashion,3,288.7,0,COD,110
91902,2024-09-03,10645,Mumbai,5085,Electronics,1,552.37,15,UPI,30
91903,2024-03-20,10271,Pune,5015,Electronics,2,164.87,0,UPI,116
91904,2024-02-20,10314,Pune,5021,Fashion,4,184.6,10,Card,32
91905,2024-10-28,10319,Bangalore,5081,Fashion,1,146.06,10,Wallet,49
91906,2024-06-29,10286,Chennai,5122,Fashion,4,710.97,0,Wallet,111
91907,2024-06-30,10660,Chennai,5113,Fashion,3,490.17,5,UPI,40
91908,2024-03-02,10036,Mumbai,5078,Electronics,3,239.42,10,UPI,73
91909,2024-07-15,10220,Pune,5111,Electronics,4,157.69,20,Card,47
91910,2024-09-04,10049,Hyderabad,5023,Electronics,3,781.42,15,UPI,103
91911,2024-11-04,10117,Hyderabad,5075,Fashion,1,129.83,5,Wallet,115
91912,2024-08-06,10272,Delhi,5023,Electronics,2,786.24,5,COD,94
91913,2024-04-05,10305,Pune,5007,Electronics,3,654.96,20,Wallet,93
91914,2024-06-26,10098,Delhi,5005,Fashion,4,256.54,20,Card,41
91915,2024-11-14,10450,Chennai,5190,Grocery,3,767.47,15,COD,60
91916,2024-02-19,10407,Pune,5156,Food,3,787.9,5,Card,108
91917,2024-07-24,10242,Hyderabad,5049,Food,2,321.82,10,UPI,25
91918,2024-05-19,10131,Chennai,5027,Grocery,3,144.37,0,UPI,101
91919,2024-08-17,10798,Delhi,5051,Electronics,2,955.37,5,UPI,34
91920,2024-12-22,10749,Hyderabad,5124,Grocery,2,259.09,15,UPI,25
91921,2024-04-29,10500,Hyderabad,5057,Fashion,3,646.24,10,Card,97
91922,2024-07-27,10692,Chennai,5072,Electronics,1,314.13,10,Card,65
91923,2024-01-29,10552,Chennai,5173,Fashion,4,404.02,20,UPI,76
91924,2024-10-28,10510,Chennai,5048,Grocery,4,134.67,0,COD,46
91925,2024-11-20,10558,Mumbai,5190,Grocery,2,786.77,10,UPI,22
91926,2024-08-10,10538,Mumbai,5050,Electronics,4,148.06,0,Card,99
91927,2024-07-29,10680,Chennai,5086,Food,3,425.89,0,COD,31
91928,2024-11-20,10054,Hyderabad,5041,Food,1,162.66,5,Card,116
91929,2024-06-13,10499,Mumbai,5112,Fashion,2,825.64,5,UPI,40
91930,2024-09-21,10519,Hyderabad,5076,Food,2,657.98,15,Wallet,62
91931,2024-10-29,10186,Bangalore,5165,Electronics,2,524.11,15,Card,20
91932,2024-10-21,10088,Chennai,5041,Electronics,1,143.87,5,Wallet,23
91933,2024-04-01,10120,Chennai,5038,Electronics,2,453.62,10,COD,23
91934,2024-06-02,10178,Mumbai,5096,Electronics,1,869.62,5,Wallet,80
91935,2024-03-25,10588,Hyderabad,5023,Fashion,2,627.88,15,UPI,37
91936,2024-06-20,10235,Hyderabad,5086,Electronics,2,534.15,15,Wallet,38
91937,2024-10-21,10698,Chennai,5147,Grocery,1,240.64,10,Wallet,94
91938,2024-12-25,10704,Hyderabad,5074,Grocery,4,690.49,5,Wallet,26
91939,2024-12-12,10557,Pune,5088,Fashion,1,133.0,15,UPI,105
91940,2024-12-12,10176,Mumbai,5129,Electronics,1,766.08,10,Wallet,98
91941,2024-10-02,10692,Chennai,5050,Fashion,4,138.5,10,Wallet,107
91942,2024-07-19,10012,Chennai,5066,Grocery,1,552.75,15,Wallet,70
91943,2024-05-08,10346,Bangalore,5185,Electronics,4,72.32,20,Wallet,55
91944,2024-11-08,10574,Bangalore,5118,Fashion,2,1048.27,5,COD,78
91945,2024-04-26,10433,Hyderabad,5168,Grocery,3,449.5,0,UPI,115
91946,2024-02-28,10329,Chennai,5087,Electronics,4,348.68,10,COD,57
91947,2024-03-18,10799,Chennai,5107,Fashion,2,556.51,0,UPI,22
91948,2024-08-13,10466,Chennai,5087,Electronics,1,304.9,0,Card,64
91949,2024-12-05,10468,Delhi,5066,Grocery,1,600.21,15,UPI,103
91950,2024-01-30,10557,Pune,5061,Fashion,1,575.49,15,COD,20
91951,2024-06-29,10692,Chennai,5178,Electronics,1,981.69,15,Card,24
91952,2024-09-03,10625,Hyderabad,5010,Electronics,1,562.87,5,Wallet,21
91953,2024-06-17,10454,Pune,5102,Food,2,320.95,10,Card,84
91954,2024-08-02,10127,Bangalore,5138,Grocery,4,297.86,10,Card,39
91955,2024-05-25,10508,Mumbai,5031,Food,3,159.94,20,Card,92
91956,2024-06-17,10302,Chennai,5157,Grocery,3,553.09,5,UPI,112
91957,2024-10-15,10059,Delhi,5121,Grocery,2,754.76,10,COD,23
91958,2024-01-08,10498,Chennai,5048,Electronics,4,161.97,5,COD,57
91959,2024-12-14,10016,Bangalore,5121,Food,1,551.51,5,COD,74
91960,2024-07-16,10697,Bangalore,5014,Fashion,2,448.75,0,COD,44
91961,2024-12-23,10600,Chennai,5164,Food,2,721.24,0,Wallet,82
91962,2024-08-22,10001,Mumbai,5087,Fashion,2,301.34,10,UPI,85
91963,2024-09-06,10552,Chennai,5074,Grocery,3,663.84,5,UPI,76
91964,2024-03-03,10732,Hyderabad,5088,Grocery,1,122.18,5,UPI,76
91965,2024-07-12,10530,Bangalore,5199,Electronics,4,387.47,5,COD,117
91966,2024-08-23,10509,Pune,5192,Electronics,2,571.12,0,Card,99
91967,2024-12-01,10445,Pune,5127,Fashion,4,1035.69,5,COD,35
91968,2024-06-22,10310,Delhi,5033,Food,3,834.5,15,UPI,94
91969,2024-07-26,10267,Hyderabad,5104,Fashion,1,406.69,15,UPI,68
91970,2024-06-28,10231,Pune,5192,Electronics,1,635.51,0,UPI,72
91971,2024-10-21,10055,Chennai,5198,Fashion,4,677.23,5,COD,61
91972,2024-10-01,10297,Pune,5026,Grocery,3,635.97,0,UPI,22
91973,2024-06-08,10355,Pune,5021,Electronics,2,214.3,5,UPI,84
91974,2024-09-04,10635,Chennai,5128,Grocery,4,475.38,20,COD,20
91975,2024-04-05,10729,Chennai,5035,Grocery,4,761.84,15,UPI,76
91976,2024-05-25,10289,Mumbai,5002,Fashion,4,367.92,5,UPI,69
91977,2024-05-01,10279,Chennai,5050,Food,4,148.68,10,UPI,89
91978,2024-04-10,10672,Chennai,5152,Fashion,2,1110.4,0,UPI,69
91979,2024-05-22,10403,Pune,5085,Grocery,4,459.71,10,UPI,100
91980,2024-08-29,10425,Mumbai,5097,Electronics,1,842.3,15,Card,86
91981,2024-02-23,10413,Bangalore,5111,Electronics,2,194.91,15,Wallet,35
91982,2024-11-15,10703,Delhi,5134,Food,4,139.01,0,Card,83
91983,2024-08-07,10651,Delhi,5119,Electronics,3,698.3,20,COD,35
91984,2024-09-16,10474,Chennai,5017,Food,3,572.65,15,Wallet,33
91985,2024-02-04,10212,Hyderabad,5134,Grocery,3,144.93,0,COD,99
91986,2024-02-24,10616,Mumbai,5109,Fashion,4,845.53,10,Wallet,79
91987,2024-02-26,10343,Bangalore,5070,Fashion,4,540.02,0,Card,28
91988,2024-04-12,10234,Mumbai,5097,Fashion,2,1060.46,0,UPI,63
91989,2024-04-13,10191,Delhi,5172,Grocery,2,246.45,10,COD,96
91990,2024-07-18,10365,Pune,5102,Fashion,2,284.73,0,UPI,68
91991,2024-02-16,10516,Bangalore,5061,Food,1,600.01,15,Wallet,75
91992,2024-09-05,10075,Hyderabad,5179,Electronics,4,277.27,20,Wallet,77
91993,2024-06-17,10368,Pune,5173,Electronics,1,467.1,0,UPI,46
91994,2024-03-18,10439,Bangalore,5185,Grocery,1,62.37,5,UPI,60
91995,2024-10-24,10137,Chennai,5149,Food,4,957.9,0,COD,102
91996,2024-06-19,10310,Delhi,5097,Grocery,4,1029.73,5,Card,70
91997,2024-06-22,10331,Pune,5080,Grocery,2,620.94,10,Card,48
91998,2024-10-25,10301,Chennai,5111,Grocery,2,156.82,10,Wallet,59
91999,2024-03-22,10698,Chennai,5149,Grocery,4,907.64,15,Wallet,37
92000,2024-12-15,10524,Pune,5102,Fashion,3,293.61,20,Wallet,82
92001,2024-12-17,10695,Pune,5172,Food,4,242.61,0,Wallet,30
92002,2024-12-08,10789,Hyderabad,5116,Electronics,4,562.47,15,UPI,90
92003,2024-01-17,10663,Pune,5150,Fashion,3,123.58,10,UPI,97
92004,2024-06-01,10066,Pune,5183,Electronics,4,309.5,15,COD,26
92005,2024-07-06,10350,Hyderabad,5092,Fashion,4,790.88,0,UPI,85
92006,2024-10-07,10754,Hyderabad,5012,Grocery,2,456.81,15,COD,47
92007,2024-10-18,10380,Bangalore,5187,Food,1,857.65,0,Card,105
92008,2024-03-20,10744,Delhi,5178,Grocery,1,742.58,0,UPI,67
92009,2024-11-14,10485,Chennai,5020,Grocery,4,711.35,15,COD,89
92010,2024-01-19,10595,Mumbai,5161,Electronics,1,231.41,20,Wallet,101
92011,2024-03-28,10225,Mumbai,5003,Electronics,1,93.15,10,COD,81
92012,2024-09-05,10493,Bangalore,5161,Electronics,4,272.31,0,UPI,23
92013,2024-09-15,10219,Chennai,5182,Fashion,4,215.19,0,Wallet,33
92014,2024-07-11,10215,Chennai,5150,Food,2,121.42,15,COD,33
92015,2024-04-04,10638,Pune,5049,Grocery,3,400.85,5,UPI,33
92016,2024-12-09,10570,Bangalore,5018,Electronics,1,751.49,10,COD,51
92017,2024-03-08,10384,Pune,5117,Electronics,2,772.73,5,Wallet,73
92018,2024-10-04,10578,Hyderabad,5054,Electronics,4,268.21,5,COD,49
92019,2024-10-08,10303,Delhi,5072,Electronics,3,243.39,5,Wallet,118
92020,2024-06-23,10790,Hyderabad,5065,Fashion,1,757.46,5,COD,109
92021,2024-07-13,10763,Chennai,5046,Fashion,3,1106.27,0,UPI,102
92022,2024-06-18,10788,Mumbai,5006,Grocery,3,228.62,10,UPI,65
92023,2024-07-02,10764,Hyderabad,5096,Electronics,1,770.56,5,COD,92
92024,2024-11-17,10028,Mumbai,5035,Fashion,3,836.61,20,UPI,102
92025,2024-02-01,10662,Mumbai,5052,Food,1,391.31,5,COD,29
92026,2024-06-25,10463,Mumbai,5100,Electronics,2,1074.7,5,UPI,118
92027,2024-01-25,10690,Bangalore,5193,Food,1,164.19,15,COD,33
92028,2024-03-23,10700,Hyderabad,5032,Fashion,4,464.12,5,COD,87
92029,2024-03-19,10364,Mumbai,5007,Fashion,4,522.82,20,Wallet,86
92030,2024-12-19,10264,Delhi,5184,Fashion,1,251.27,5,UPI,23
92031,2024-12-10,10612,Mumbai,5155,Food,4,557.72,15,Card,82
92032,2024-11-28,10705,Chennai,5017,Food,1,545.86,5,Wallet,66
92033,2024-07-26,10586,Delhi,5179,Food,2,260.58,20,Card,57
92034,2024-07-10,10681,Pune,5042,Fashion,4,87.2,0,COD,55
92035,2024-09-27,10319,Bangalore,5117,Fashion,1,789.28,5,COD,46
92036,2024-03-25,10018,Chennai,5043,Food,1,259.01,5,Card,25
92037,2024-01-02,10001,Mumbai,5114,Grocery,4,1056.78,0,Wallet,72
92038,2024-03-21,10152,Bangalore,5053,Food,3,351.04,10,UPI,82
92039,2024-03-23,10555,Delhi,5057,Electronics,1,620.47,0,Wallet,41
92040,2024-11-26,10168,Chennai,5189,Electronics,2,693.92,15,Card,32
92041,2024-10-28,10103,Mumbai,5028,Electronics,2,878.24,5,UPI,119
92042,2024-12-08,10564,Bangalore,5164,Grocery,1,679.91,15,Card,113
92043,2024-08-02,10148,Mumbai,5065,Grocery,4,873.57,5,Card,63
92044,2024-12-27,10103,Mumbai,5015,Grocery,2,179.08,10,COD,93
92045,2024-12-21,10668,Bangalore,5097,Electronics,1,789.75,0,Wallet,55
92046,2024-03-26,10609,Mumbai,5102,Food,1,239.06,20,COD,69
92047,2024-12-15,10714,Delhi,5171,Electronics,4,139.73,20,Card,48
92048,2024-03-11,10157,Hyderabad,5147,Food,2,213.62,20,Card,109
92049,2024-12-17,10051,Mumbai,5200,Fashion,2,357.97,0,Wallet,75
92050,2024-06-13,10117,Hyderabad,5073,Grocery,1,402.86,20,Wallet,106
92051,2024-08-29,10338,Hyderabad,5015,Electronics,4,179.17,10,Card,38
92052,2024-09-30,10455,Hyderabad,5110,Food,1,605.55,10,Card,47
92053,2024-05-02,10460,Hyderabad,5033,Food,3,850.63,15,Wallet,51
92054,2024-04-21,10284,Bangalore,5154,Electronics,4,417.16,5,Wallet,33
92055,2024-01-25,10586,Delhi,5026,Food,4,786.41,5,COD,101
92056,2024-10-31,10468,Delhi,5074,Fashion,1,619.59,0,Card,85
92057,2024-03-31,10421,Bangalore,5089,Grocery,4,477.25,0,Card,94
92058,2024-01-05,10575,Delhi,5186,Grocery,1,243.08,15,Card,69
92059,2024-11-24,10658,Pune,5170,Fashion,1,421.75,10,UPI,32
92060,2024-06-25,10723,Chennai,5178,Fashion,2,847.07,5,Wallet,113
92061,2024-03-13,10607,Pune,5082,Grocery,2,976.78,10,Card,22
92062,2024-04-11,10693,Delhi,5196,Electronics,4,672.7,0,COD,86
92063,2024-07-01,10202,Chennai,5046,Electronics,3,778.29,5,Wallet,44
92064,2024-12-01,10745,Chennai,5057,Fashion,2,581.23,5,COD,26
92065,2024-08-15,10008,Hyderabad,5114,Food,3,840.45,5,Wallet,46
92066,2024-05-31,10242,Hyderabad,5004,Grocery,4,716.91,5,Wallet,46
92067,2024-09-02,10676,Bangalore,5008,Grocery,3,773.99,5,UPI,110
92068,2024-07-29,10701,Mumbai,5034,Electronics,3,451.35,15,Wallet,71
92069,2024-09-11,10675,Chennai,5040,Grocery,2,526.92,0,Card,85
92070,2024-01-01,10637,Chennai,5048,Food,2,172.15,0,Card,86
92071,2024-02-13,10706,Bangalore,5010,Electronics,1,570.33,0,Wallet,110
92072,2024-12-30,10667,Pune,5057,Electronics,3,682.1,5,Wallet,98
92073,2024-12-10,10123,Delhi,5001,Food,3,711.13,5,Wallet,51
92074,2024-11-25,10387,Hyderabad,5074,Electronics,3,752.87,15,Card,81
92075,2024-06-30,10399,Bangalore,5167,Food,1,812.48,5,Wallet,67
92076,2024-09-21,10337,Chennai,5025,Electronics,3,672.19,5,Card,76
92077,2024-08-26,10383,Pune,5017,Electronics,3,611.68,5,Card,102
92078,2024-11-17,10587,Chennai,5077,Electronics,4,221.07,10,Card,100
92079,2024-07-26,10300,Chennai,5052,Electronics,1,447.94,0,Wallet,73
92080,2024-01-02,10232,Mumbai,5041,Food,2,170.65,5,COD,21
92081,2024-02-19,10601,Chennai,5151,Electronics,1,429.18,0,UPI,20
92082,2024-04-19,10143,Hyderabad,5132,Fashion,1,159.05,0,Card,20
92083,2024-07-16,10632,Mumbai,5136,Electronics,4,220.1,5,COD,40
92084,2024-09-06,10183,Pune,5125,Grocery,3,283.49,0,Wallet,51
92085,2024-04-21,10625,Hyderabad,5091,Fashion,2,483.38,0,Card,28
92086,2024-05-17,10350,Hyderabad,5198,Fashion,2,764.88,0,COD,95
92087,2024-12-24,10792,Pune,5200,Grocery,3,430.93,0,COD,100
92088,2024-05-02,10394,Bangalore,5113,Grocery,1,547.79,0,UPI,61
92089,2024-10-26,10074,Bangalore,5194,Grocery,2,785.27,0,Card,88
92090,2024-01-23,10099,Chennai,5076,Food,1,516.04,15,Wallet,38
92091,2024-08-22,10435,Mumbai,5035,Fashion,1,885.69,5,UPI,66
92092,2024-10-21,10630,Mumbai,5100,Food,1,949.96,10,Wallet,119
92093,2024-04-26,10685,Delhi,5181,Fashion,4,542.07,20,COD,117
92094,2024-04-05,10288,Hyderabad,5152,Fashion,4,1073.52,5,Card,84
92095,2024-02-13,10432,Hyderabad,5100,Food,1,913.18,15,COD,108
92096,2024-07-23,10243,Hyderabad,5106,Food,4,802.27,0,UPI,118
92097,2024-01-02,10776,Chennai,5190,Grocery,4,867.17,0,Card,26
92098,2024-10-18,10421,Bangalore,5142,Grocery,1,962.3,20,UPI,25
92099,2024-07-18,10681,Pune,5113,Fashion,2,504.62,5,Wallet,63
92100,2024-11-09,10216,Chennai,5174,Fashion,2,938.3,0,Card,42
92101,2024-06-25,10798,Delhi,5104,Grocery,2,467.47,10,UPI,98
92102,2024-11-02,10034,Chennai,5184,Electronics,3,281.18,15,COD,82
92103,2024-11-05,10318,Bangalore,5031,Electronics,1,152.73,15,Card,39
92104,2024-08-23,10521,Mumbai,5177,Food,1,733.85,10,Card,41
92105,2024-08-21,10462,Pune,5062,Food,4,595.5,20,UPI,30
92106,2024-05-06,10070,Chennai,5028,Food,3,925.22,0,Card,96
92107,2024-09-09,10396,Bangalore,5195,Food,2,165.34,0,Wallet,95
92108,2024-03-11,10249,Pune,5120,Fashion,1,268.34,10,UPI,82
92109,2024-09-16,10496,Hyderabad,5102,Grocery,1,290.21,5,Wallet,84
92110,2024-11-14,10687,Mumbai,5029,Food,1,321.75,10,Card,62
92111,2024-10-14,10224,Bangalore,5155,Fashion,2,710.19,5,COD,70
92112,2024-11-08,10536,Bangalore,5050,Food,4,110.41,0,UPI,45
92113,2024-07-25,10364,Mumbai,5172,Food,2,264.99,0,Card,73
92114,2024-09-13,10074,Bangalore,5198,Food,4,567.05,15,COD,76
92115,2024-08-20,10767,Chennai,5199,Grocery,3,523.95,0,Card,37
92116,2024-04-09,10447,Hyderabad,5054,Grocery,4,240.89,10,Card,28
92117,2024-04-05,10096,Pune,5192,Grocery,4,643.69,5,Wallet,63
92118,2024-08-28,10382,Bangalore,5158,Electronics,1,890.84,0,COD,40
92119,2024-12-17,10451,Delhi,5050,Food,1,139.96,0,COD,100
92120,2024-05-23,10290,Pune,5139,Food,1,414.58,5,UPI,23
92121,2024-03-16,10384,Pune,5157,Grocery,1,528.09,20,COD,106
92122,2024-09-21,10293,Delhi,5040,Grocery,2,494.45,0,COD,54
92123,2024-06-09,10007,Hyderabad,5115,Food,1,536.48,5,Card,117
92124,2024-05-11,10006,Delhi,5041,Fashion,1,181.97,0,COD,114
92125,2024-09-03,10640,Bangalore,5026,Grocery,1,690.69,20,UPI,101
92126,2024-07-31,10113,Pune,5013,Grocery,3,282.74,5,Card,44
92127,2024-01-29,10311,Bangalore,5029,Fashion,2,312.17,5,UPI,76
92128,2024-12-14,10660,Chennai,5149,Electronics,3,890.43,5,COD,51
92129,2024-09-13,10770,Mumbai,5096,Food,4,702.92,0,COD,59
92130,2024-11-15,10427,Pune,5118,Electronics,3,814.91,15,Card,25
92131,2024-06-16,10170,Bangalore,5096,Food,4,647.64,0,COD,109
92132,2024-07-11,10346,Bangalore,5111,Fashion,4,184.78,0,Wallet,92
92133,2024-03-05,10796,Chennai,5127,Grocery,2,1003.77,10,Wallet,49
92134,2024-12-20,10462,Pune,5042,Electronics,1,63.24,0,Card,86
92135,2024-09-21,10464,Delhi,5108,Electronics,4,972.43,0,Card,71
92136,2024-07-09,10455,Hyderabad,5101,Electronics,3,417.52,0,COD,66
92137,2024-07-27,10261,Hyderabad,5162,Food,4,324.29,0,UPI,109
92138,2024-05-23,10623,Hyderabad,5196,Electronics,3,573.42,5,Wallet,52
92139,2024-09-25,10274,Mumbai,5187,Fashion,3,919.91,0,Wallet,87
92140,2024-03-13,10096,Pune,5109,Grocery,2,670.54,0,COD,70
92141,2024-11-18,10638,Pune,5076,Food,4,478.08,5,COD,79
92142,2024-09-24,10463,Mumbai,5046,Fashion,4,839.81,20,Card,50
92143,2024-06-08,10504,Pune,5183,Electronics,3,353.93,0,Wallet,58
92144,2024-04-20,10201,Delhi,5200,Grocery,1,449.42,5,UPI,115
92145,2024-02-12,10765,Pune,5094,Food,3,923.85,5,Wallet,100
92146,2024-01-04,10184,Delhi,5171,Fashion,1,112.69,0,Wallet,86
92147,2024-07-18,10444,Mumbai,5145,Electronics,3,267.64,5,Card,48
92148,2024-08-17,10502,Mumbai,5073,Grocery,1,333.95,10,Card,37
92149,2024-05-18,10572,Hyderabad,5051,Food,4,1038.63,0,UPI,48
92150,2024-07-14,10703,Delhi,5177,Grocery,4,933.2,0,UPI,80
92151,2024-02-08,10791,Hyderabad,5142,Grocery,4,692.3,0,Wallet,98
92152,2024-04-28,10068,Bangalore,5162,Electronics,3,273.42,0,Wallet,25
92153,2024-09-10,10622,Mumbai,5095,Grocery,1,528.0,5,Card,77
92154,2024-04-03,10758,Delhi,5091,Food,2,538.67,10,UPI,102
92155,2024-03-13,10737,Hyderabad,5109,Food,4,669.39,20,Card,42
92156,2024-04-01,10672,Chennai,5134,Food,3,174.99,0,Wallet,48
92157,2024-08-15,10256,Delhi,5083,Electronics,2,571.13,5,Wallet,63
92158,2024-07-10,10452,Mumbai,5122,Electronics,1,876.92,15,Wallet,30
92159,2024-05-21,10261,Hyderabad,5089,Grocery,3,552.11,0,UPI,86
92160,2024-09-23,10307,Bangalore,5086,Grocery,3,394.28,10,Wallet,95
92161,2024-03-05,10267,Hyderabad,5123,Fashion,4,577.67,0,COD,79
92162,2024-10-15,10567,Delhi,5015,Fashion,1,182.13,0,COD,74
92163,2024-09-03,10397,Chennai,5119,Food,3,768.25,10,Wallet,115
92164,2024-04-25,10121,Delhi,5160,Fashion,1,158.66,0,Wallet,70
92165,2024-02-28,10570,Bangalore,5065,Fashion,3,894.24,0,UPI,48
92166,2024-05-05,10578,Hyderabad,5045,Grocery,4,145.8,5,UPI,50
92167,2024-09-11,10195,Mumbai,5119,Fashion,3,793.17,15,COD,33
92168,2024-07-22,10171,Mumbai,5042,Electronics,3,75.01,5,COD,116
92169,2024-08-15,10193,Bangalore,5053,Grocery,4,341.17,20,UPI,22
92170,2024-05-12,10316,Chennai,5088,Electronics,4,147.08,5,UPI,68
92171,2024-02-08,10460,Hyderabad,5166,Food,4,527.46,20,COD,78
92172,2024-11-30,10700,Hyderabad,5172,Fashion,1,289.52,10,COD,103
92173,2024-12-14,10350,Hyderabad,5012,Food,2,557.63,5,UPI,56
92174,2024-08-05,10395,Bangalore,5083,Electronics,2,580.34,0,Card,86
92175,2024-07-02,10279,Chennai,5137,Fashion,4,328.75,15,Card,31
92176,2024-02-26,10403,Pune,5119,Grocery,2,830.71,10,Card,112
92177,2024-07-20,10517,Delhi,5087,Fashion,1,292.39,0,Card,73
92178,2024-11-12,10427,Pune,5049,Grocery,1,449.11,5,UPI,45
92179,2024-08-20,10372,Bangalore,5038,Fashion,3,448.13,5,UPI,38
92180,2024-02-23,10428,Hyderabad,5169,Food,3,133.59,5,Card,108
92181,2024-05-02,10771,Hyderabad,5029,Electronics,1,322.98,10,UPI,119
92182,2024-09-20,10170,Bangalore,5054,Food,1,266.73,5,Wallet,32
92183,2024-08-05,10705,Chennai,5172,Fashion,4,314.08,5,COD,57
92184,2024-07-26,10492,Mumbai,5111,Food,2,148.38,15,Wallet,34
92185,2024-05-13,10112,Chennai,5097,Fashion,1,883.41,10,COD,92
92186,2024-11-03,10526,Chennai,5102,Grocery,4,317.88,10,Card,71
92187,2024-04-01,10117,Hyderabad,5171,Fashion,2,127.46,5,UPI,77
92188,2024-10-07,10597,Bangalore,5014,Grocery,3,389.29,5,Wallet,105
92189,2024-02-03,10067,Chennai,5125,Food,4,339.73,0,COD,101
92190,2024-07-16,10634,Bangalore,5121,Fashion,4,638.46,10,UPI,52
92191,2024-04-19,10520,Pune,5143,Grocery,3,218.76,5,Wallet,57
92192,2024-01-23,10369,Delhi,5080,Electronics,3,732.56,5,Card,31
92193,2024-08-31,10197,Delhi,5054,Electronics,1,289.49,10,COD,77
92194,2024-08-09,10627,Chennai,5191,Grocery,4,372.81,20,UPI,59
92195,2024-05-01,10767,Chennai,5054,Fashion,2,283.5,10,Card,57
92196,2024-11-12,10750,Bangalore,5133,Grocery,2,755.57,10,COD,118
92197,2024-11-21,10497,Mumbai,5180,Food,4,596.05,20,UPI,25
92198,2024-08-11,10116,Delhi,5200,Electronics,3,416.73,0,UPI,76
92199,2024-07-20,10283,Chennai,5196,Fashion,1,812.86,5,UPI,92
92200,2024-11-27,10010,Mumbai,5063,Electronics,2,480.84,15,Card,20
92201,2024-05-28,10670,Bangalore,5103,Electronics,3,773.52,15,UPI,83
92202,2024-04-24,10306,Delhi,5066,Food,3,602.14,0,COD,43
92203,2024-10-26,10589,Mumbai,5091,Food,4,557.15,0,Card,58
92204,2024-11-27,10597,Bangalore,5081,Fashion,1,133.43,15,Wallet,52
92205,2024-10-28,10029,Delhi,5149,Food,1,831.84,10,UPI,118
92206,2024-12-21,10637,Chennai,5028,Fashion,4,808.27,5,Wallet,47
92207,2024-10-17,10597,Bangalore,5140,Grocery,3,361.98,5,Wallet,89
92208,2024-05-15,10365,Pune,5104,Food,1,502.99,20,Card,24
92209,2024-12-16,10028,Mumbai,5007,Grocery,2,524.86,0,Card,29
92210,2024-02-08,10356,Pune,5056,Food,4,147.66,10,Card,71
92211,2024-10-14,10136,Pune,5138,Fashion,4,288.58,0,Wallet,37
92212,2024-06-04,10069,Bangalore,5020,Fashion,3,684.24,20,COD,81
92213,2024-12-22,10547,Chennai,5132,Fashion,4,163.91,5,UPI,87
92214,2024-07-04,10391,Hyderabad,5032,Grocery,4,422.92,15,UPI,42
92215,2024-10-23,10452,Mumbai,5191,Fashion,1,377.41,0,UPI,100
92216,2024-10-18,10436,Pune,5068,Electronics,1,442.5,15,Card,100
92217,2024-04-11,10065,Mumbai,5111,Food,1,161.24,15,COD,33
92218,2024-05-01,10615,Pune,5120,Food,2,319.48,5,Wallet,79
92219,2024-06-20,10068,Bangalore,5018,Fashion,3,862.16,10,COD,98
92220,2024-06-21,10800,Pune,5177,Food,1,709.77,10,Wallet,70
92221,2024-09-02,10784,Chennai,5171,Food,1,139.83,10,UPI,64
92222,2024-01-09,10062,Pune,5080,Fashion,4,653.77,0,COD,119
92223,2024-11-09,10737,Hyderabad,5072,Electronics,3,257.47,5,UPI,29
92224,2024-10-23,10156,Mumbai,5020,Fashion,3,609.6,0,COD,40
92225,2024-06-17,10305,Pune,5045,Electronics,3,205.28,0,Card,49
92226,2024-02-17,10642,Delhi,5015,Fashion,1,144.7,10,COD,112
92227,2024-06-17,10438,Delhi,5049,Electronics,2,397.54,0,UPI,62
92228,2024-10-03,10397,Chennai,5051,Food,4,984.9,15,COD,115
92229,2024-03-18,10164,Chennai,5009,Electronics,3,639.77,0,UPI,90
92230,2024-04-11,10550,Hyderabad,5166,Grocery,2,491.01,0,COD,51
92231,2024-02-22,10008,Hyderabad,5196,Food,2,651.46,5,COD,34
92232,2024-09-28,10442,Pune,5095,Food,4,514.86,20,Wallet,93
92233,2024-10-15,10268,Chennai,5041,Grocery,3,175.51,15,UPI,64
92234,2024-04-30,10565,Chennai,5150,Fashion,3,123.28,0,Card,57
92235,2024-12-05,10130,Pune,5025,Fashion,2,563.55,5,Wallet,32
92236,2024-01-21,10723,Chennai,5053,Food,2,311.3,5,UPI,98
92237,2024-08-16,10280,Hyderabad,5122,Electronics,3,695.18,5,Card,108
92238,2024-04-16,10277,Pune,5029,Fashion,4,256.24,20,COD,99
92239,2024-02-06,10531,Pune,5047,Food,2,645.03,5,COD,89
92240,2024-08-03,10772,Pune,5105,Electronics,4,817.97,10,Card,57
92241,2024-10-06,10187,Delhi,5124,Food,4,191.55,0,Card,75
92242,2024-12-28,10427,Pune,5157,Food,1,466.18,0,COD,86
92243,2024-12-09,10265,Hyderabad,5129,Food,4,879.48,0,Card,52
92244,2024-04-17,10470,Hyderabad,5156,Fashion,3,934.22,20,Card,31
92245,2024-08-17,10119,Bangalore,5092,Electronics,2,824.26,10,UPI,31
92246,2024-04-06,10159,Delhi,5078,Food,4,231.25,15,UPI,96
92247,2024-12-04,10310,Delhi,5120,Food,2,346.36,10,Card,27
92248,2024-10-21,10318,Bangalore,5016,Grocery,1,691.93,0,UPI,63
92249,2024-06-17,10374,Pune,5025,Grocery,1,629.54,20,Card,81
92250,2024-02-03,10289,Mumbai,5136,Fashion,3,246.24,5,Card,85
92251,2024-09-08,10125,Mumbai,5041,Fashion,2,185.21,0,COD,75
92252,2024-08-14,10286,Chennai,5143,Fashion,1,153.69,5,Wallet,55
92253,2024-12-18,10516,Bangalore,5049,Fashion,2,360.38,0,Wallet,79
92254,2024-07-18,10538,Mumbai,5174,Grocery,3,856.25,5,Card,39
92255,2024-01-14,10633,Chennai,5012,Electronics,4,448.38,5,UPI,41
92256,2024-12-01,10357,Chennai,5087,Fashion,4,358.91,5,UPI,86
92257,2024-08-07,10398,Pune,5109,Electronics,3,763.23,15,Card,66
92258,2024-01-11,10650,Hyderabad,5160,Fashion,3,167.46,15,Wallet,33
92259,2024-12-21,10611,Chennai,5041,Grocery,1,159.91,0,Card,93
92260,2024-03-25,10702,Chennai,5130,Grocery,1,803.64,15,COD,100
92261,2024-05-19,10734,Mumbai,5197,Fashion,4,531.37,10,Card,85
92262,2024-02-20,10051,Mumbai,5194,Food,4,705.57,5,Wallet,63
92263,2024-07-01,10179,Delhi,5029,Food,4,253.07,15,UPI,48
92264,2024-05-15,10219,Chennai,5188,Fashion,3,121.04,10,UPI,51
92265,2024-05-04,10414,Delhi,5128,Food,3,443.84,5,UPI,35
92266,2024-06-12,10471,Mumbai,5031,Fashion,3,158.92,0,Wallet,63
92267,2024-09-07,10049,Hyderabad,5073,Food,2,325.85,20,COD,56
92268,2024-01-11,10756,Chennai,5080,Grocery,4,606.28,10,UPI,111
92269,2024-08-16,10499,Mumbai,5194,Fashion,2,576.84,5,UPI,90
92270,2024-08-12,10235,Hyderabad,5200,Grocery,3,453.02,0,Wallet,109
92271,2024-11-16,10149,Hyderabad,5005,Fashion,3,267.49,15,COD,88
92272,2024-07-04,10090,Bangalore,5081,Food,4,129.26,0,Wallet,66
92273,2024-07-14,10708,Bangalore,5057,Electronics,4,576.91,10,Card,70
92274,2024-09-12,10719,Mumbai,5023,Electronics,1,787.6,5,Card,94
92275,2024-10-24,10757,Pune,5119,Food,3,778.1,10,COD,45
92276,2024-01-31,10124,Mumbai,5005,Food,4,273.49,10,UPI,66
92277,2024-04-04,10782,Hyderabad,5195,Fashion,4,160.61,10,Card,101
92278,2024-02-11,10043,Bangalore,5178,Grocery,4,875.52,15,UPI,65
92279,2024-03-28,10041,Chennai,5064,Electronics,2,1002.41,5,Wallet,110
92280,2024-09-04,10582,Hyderabad,5136,Electronics,1,223.22,10,Wallet,85
92281,2024-09-19,10641,Mumbai,5070,Electronics,4,517.36,5,UPI,32
92282,2024-06-25,10267,Hyderabad,5136,Food,3,229.38,5,UPI,26
92283,2024-08-24,10532,Pune,5026,Grocery,2,555.75,20,Card,90
92284,2024-07-28,10490,Hyderabad,5188,Grocery,2,104.94,10,Wallet,55
92285,2024-12-02,10779,Bangalore,5088,Fashion,2,170.28,20,Card,94
92286,2024-03-22,10177,Delhi,5160,Grocery,2,135.59,20,UPI,77
92287,2024-09-03,10241,Hyderabad,5191,Fashion,2,441.07,0,Card,90
92288,2024-04-13,10149,Hyderabad,5087,Food,2,400.09,10,Wallet,43
92289,2024-07-28,10667,Pune,5018,Fashion,1,849.96,10,UPI,84
92290,2024-04-02,10187,Delhi,5160,Food,2,174.33,5,Card,102
92291,2024-04-25,10762,Hyderabad,5042,Electronics,4,81.8,10,UPI,52
92292,2024-05-15,10048,Bangalore,5040,Food,4,411.54,20,UPI,113
92293,2024-11-10,10030,Mumbai,5088,Grocery,1,148.77,0,UPI,54
92294,2024-12-09,10194,Chennai,5087,Grocery,1,293.27,5,UPI,55
92295,2024-04-18,10731,Bangalore,5179,Electronics,4,289.73,20,Wallet,47
92296,2024-04-25,10291,Hyderabad,5027,Electronics,3,179.13,20,Wallet,24
92297,2024-03-05,10478,Hyderabad,5105,Grocery,3,729.29,5,UPI,30
92298,2024-03-23,10432,Hyderabad,5087,Grocery,3,382.94,5,COD,37
92299,2024-04-11,10760,Pune,5021,Food,4,228.58,10,Card,52
92300,2024-09-01,10267,Hyderabad,5130,Fashion,4,901.99,0,Card,85
92301,2024-05-30,10364,Mumbai,5039,Fashion,2,657.14,5,Card,49
92302,2024-07-22,10034,Chennai,5078,Electronics,3,230.47,15,COD,88
92303,2024-10-12,10018,Chennai,5160,Food,1,141.61,0,Wallet,80
92304,2024-02-14,10751,Hyderabad,5034,Grocery,4,453.84,10,Wallet,48
92305,2024-05-02,10657,Delhi,5197,Food,4,718.17,15,UPI,58
92306,2024-03-03,10477,Bangalore,5182,Grocery,4,210.47,10,Wallet,59
92307,2024-03-15,10508,Mumbai,5180,Fashion,1,640.73,15,Wallet,28
92308,2024-02-08,10636,Pune,5157,Fashion,2,404.54,20,Wallet,38
92309,2024-05-09,10418,Pune,5148,Fashion,3,545.17,10,Card,82
92310,2024-07-11,10584,Pune,5180,Grocery,1,531.32,0,UPI,105
92311,2024-03-31,10405,Pune,5019,Fashion,2,484.45,0,Wallet,33
92312,2024-06-12,10379,Bangalore,5165,Grocery,1,444.64,0,UPI,29
92313,2024-06-04,10248,Hyderabad,5110,Fashion,4,781.0,5,Card,83
92314,2024-01-23,10638,Pune,5161,Fashion,2,248.09,5,Card,55
92315,2024-05-23,10243,Hyderabad,5138,Fashion,2,285.27,5,Wallet,99
92316,2024-07-30,10350,Hyderabad,5100,Grocery,1,802.02,0,COD,89
92317,2024-02-13,10316,Chennai,5050,Food,2,136.04,0,COD,67
92318,2024-06-26,10259,Pune,5143,Fashion,1,177.17,15,Card,115
92319,2024-09-12,10650,Hyderabad,5164,Fashion,4,604.55,5,Wallet,74
92320,2024-08-13,10658,Pune,5106,Food,3,825.06,0,COD,80
92321,2024-09-29,10038,Delhi,5058,Fashion,1,828.97,10,UPI,70
92322,2024-06-30,10214,Pune,5046,Fashion,2,1097.32,0,UPI,98
92323,2024-03-04,10026,Hyderabad,5168,Food,4,360.99,0,UPI,84
92324,2024-08-05,10099,Chennai,5096,Electronics,4,623.72,15,UPI,98
92325,2024-01-17,10621,Delhi,5133,Fashion,3,842.93,5,Card,24
92326,2024-06-14,10236,Hyderabad,5070,Electronics,3,629.67,15,COD,114
92327,2024-03-04,10133,Bangalore,5007,Electronics,4,654.77,15,Card,85
92328,2024-03-03,10672,Chennai,5134,Food,3,154.12,10,Wallet,96
92329,2024-05-13,10052,Pune,5005,Food,4,223.2,0,Card,57
92330,2024-02-09,10715,Delhi,5010,Food,2,524.7,10,Card,45
92331,2024-12-05,10236,Hyderabad,5185,Electronics,1,70.01,0,Wallet,116
92332,2024-01-06,10411,Mumbai,5175,Fashion,1,880.41,10,UPI,86
92333,2024-12-02,10472,Delhi,5020,Grocery,2,548.41,5,COD,118
92334,2024-07-23,10412,Hyderabad,5071,Grocery,2,126.27,10,COD,22
92335,2024-06-01,10619,Chennai,5089,Food,3,524.58,15,COD,112
92336,2024-02-04,10533,Hyderabad,5174,Electronics,3,905.6,0,Wallet,107
92337,2024-06-12,10627,Chennai,5116,Fashion,1,475.68,5,Card,30
92338,2024-02-21,10248,Hyderabad,5092,Fashion,3,693.75,5,COD,40
92339,2024-11-05,10776,Chennai,5041,Grocery,4,175.77,15,COD,102
92340,2024-09-13,10162,Mumbai,5013,Electronics,2,204.02,10,UPI,88
92341,2024-11-02,10293,Delhi,5197,Fashion,2,606.63,15,COD,103
92342,2024-01-14,10594,Hyderabad,5036,Fashion,3,710.42,10,UPI,103
92343,2024-06-10,10519,Hyderabad,5198,Food,4,706.33,15,UPI,67
92344,2024-05-22,10051,Mumbai,5026,Fashion,2,566.89,15,UPI,31
92345,2024-09-09,10028,Mumbai,5060,Fashion,4,278.08,10,Wallet,98
92346,2024-07-30,10790,Hyderabad,5143,Grocery,1,198.89,5,UPI,73
92347,2024-05-21,10494,Delhi,5179,Fashion,1,349.19,10,Card,112
92348,2024-09-18,10511,Hyderabad,5121,Fashion,3,647.42,5,COD,116
92349,2024-10-31,10789,Hyderabad,5038,Fashion,4,467.5,15,Wallet,102
92350,2024-05-17,10526,Chennai,5087,Grocery,4,367.13,15,Wallet,119
92351,2024-06-25,10495,Bangalore,5002,Electronics,1,436.86,0,UPI,105
92352,2024-12-05,10390,Mumbai,5027,Grocery,2,168.19,15,Wallet,37
92353,2024-06-05,10299,Hyderabad,5168,Fashion,1,421.14,5,UPI,69
92354,2024-03-27,10151,Bangalore,5144,Grocery,2,297.65,5,COD,37
92355,2024-04-18,10718,Mumbai,5051,Fashion,2,988.9,10,Card,68
92356,2024-05-20,10640,Bangalore,5117,Food,2,669.61,0,COD,108
92357,2024-04-24,10760,Pune,5100,Electronics,1,789.22,10,COD,51
92358,2024-05-17,10450,Chennai,5022,Fashion,3,143.53,5,Wallet,30
92359,2024-10-07,10089,Mumbai,5080,Electronics,3,555.51,0,Card,54
92360,2024-11-26,10056,Bangalore,5196,Electronics,4,672.83,5,COD,99
92361,2024-03-25,10359,Mumbai,5008,Fashion,4,887.65,0,UPI,79
92362,2024-08-08,10384,Pune,5191,Food,2,353.98,0,Card,63
92363,2024-05-16,10165,Hyderabad,5015,Fashion,2,145.68,5,Card,73
92364,2024-09-30,10149,Hyderabad,5116,Electronics,4,566.23,15,UPI,63
92365,2024-09-02,10112,Chennai,5105,Food,2,767.91,10,COD,42
92366,2024-11-06,10003,Mumbai,5199,Electronics,2,484.08,20,UPI,66
92367,2024-10-24,10223,Bangalore,5166,Food,1,567.96,0,COD,72
92368,2024-10-26,10207,Mumbai,5166,Grocery,3,516.87,10,UPI,64
92369,2024-11-26,10695,Pune,5149,Electronics,3,1052.72,10,UPI,117
92370,2024-08-08,10411,Mumbai,5077,Grocery,2,250.35,10,UPI,70
92371,2024-10-22,10212,Hyderabad,5055,Food,1,479.17,15,UPI,85
92372,2024-10-09,10025,Mumbai,5125,Electronics,3,288.18,10,Card,38
92373,2024-12-17,10651,Delhi,5044,Fashion,1,296.32,0,Card,63
92374,2024-12-08,10531,Pune,5017,Fashion,3,448.04,5,Wallet,95
92375,2024-10-15,10314,Pune,5007,Food,3,540.38,15,UPI,24
92376,2024-11-28,10315,Mumbai,5049,Grocery,2,416.65,5,Wallet,45
92377,2024-08-31,10421,Bangalore,5162,Fashion,2,292.08,0,UPI,75
92378,2024-04-13,10487,Hyderabad,5176,Food,1,556.45,15,COD,78
92379,2024-02-02,10457,Chennai,5149,Fashion,3,830.76,10,UPI,28
92380,2024-12-01,10766,Delhi,5069,Food,2,139.2,10,UPI,104
92381,2024-02-16,10149,Hyderabad,5171,Food,3,134.99,15,Card,35
92382,2024-08-31,10247,Bangalore,5169,Electronics,2,149.31,10,UPI,71
92383,2024-06-18,10243,Hyderabad,5171,Food,3,142.72,15,Wallet,70
92384,2024-11-22,10776,Chennai,5170,Fashion,2,504.68,10,COD,20
92385,2024-04-18,10259,Pune,5040,Food,2,550.86,0,UPI,96
92386,2024-05-01,10122,Mumbai,5186,Food,3,230.61,15,Wallet,21
92387,2024-07-23,10310,Delhi,5110,Food,4,669.66,15,UPI,81
92388,2024-11-30,10491,Hyderabad,5071,Grocery,4,127.2,20,Card,118
92389,2024-02-07,10149,Hyderabad,5144,Grocery,1,286.08,5,Card,47
92390,2024-05-22,10156,Mumbai,5047,Grocery,3,648.12,5,UPI,51
92391,2024-03-12,10605,Bangalore,5165,Grocery,3,515.55,15,Card,107
92392,2024-10-15,10094,Hyderabad,5074,Grocery,4,653.4,5,Wallet,54
92393,2024-10-02,10519,Hyderabad,5068,Food,2,388.51,10,Wallet,20
92394,2024-10-03,10755,Chennai,5127,Electronics,3,1039.75,20,Wallet,53
92395,2024-12-17,10595,Mumbai,5132,Grocery,3,161.53,5,UPI,87
92396,2024-08-14,10075,Hyderabad,5153,Grocery,1,106.15,10,Wallet,80
92397,2024-01-07,10290,Pune,5148,Electronics,3,643.79,0,Wallet,106
92398,2024-07-30,10650,Hyderabad,5055,Food,1,640.55,5,COD,76
92399,2024-02-27,10222,Bangalore,5027,Grocery,3,174.56,10,UPI,73
92400,2024-03-04,10187,Delhi,5001,Grocery,1,693.44,0,COD,97
92401,2024-03-02,10245,Hyderabad,5063,Food,4,475.88,0,Card,61
92402,2024-12-17,10306,Delhi,5012,Food,3,415.06,0,Card,95
92403,2024-02-26,10431,Delhi,5002,Grocery,2,359.51,5,UPI,43
92404,2024-04-16,10124,Mumbai,5038,Electronics,2,371.79,0,Card,31
92405,2024-12-28,10569,Bangalore,5175,Fashion,1,836.22,5,UPI,100
92406,2024-10-04,10077,Delhi,5138,Grocery,2,371.08,15,Wallet,102
92407,2024-05-16,10161,Mumbai,5053,Electronics,2,250.63,20,Card,31
92408,2024-07-16,10787,Chennai,5092,Fashion,1,663.4,10,Wallet,100
92409,2024-05-30,10469,Delhi,5110,Electronics,2,636.24,0,Wallet,102
92410,2024-07-04,10591,Mumbai,5150,Grocery,2,113.24,20,Card,99
92411,2024-04-02,10189,Bangalore,5059,Food,3,454.7,15,UPI,90
92412,2024-12-04,10589,Mumbai,5113,Electronics,4,699.01,5,Card,40
92413,2024-07-12,10165,Hyderabad,5051,Grocery,3,997.45,0,Wallet,54
92414,2024-12-22,10786,Mumbai,5190,Food,1,992.51,15,Card,56
92415,2024-07-16,10017,Hyderabad,5032,Electronics,1,475.9,0,Card,61
92416,2024-10-25,10414,Delhi,5062,Fashion,3,621.68,15,COD,112
92417,2024-06-13,10657,Delhi,5033,Fashion,2,688.26,10,UPI,115
92418,2024-06-02,10442,Pune,5101,Food,3,387.12,15,Wallet,28
92419,2024-03-30,10111,Chennai,5199,Grocery,2,522.26,5,Card,102
92420,2024-12-10,10028,Mumbai,5068,Food,2,425.64,5,Card,70
92421,2024-08-23,10731,Bangalore,5061,Fashion,1,649.71,20,UPI,21
92422,2024-03-26,10115,Bangalore,5007,Grocery,1,610.12,0,Wallet,92
92423,2024-04-18,10444,Mumbai,5128,Food,4,378.96,0,COD,83
92424,2024-02-29,10132,Chennai,5189,Electronics,1,752.22,5,Card,83
92425,2024-07-13,10740,Pune,5096,Food,4,761.85,0,Wallet,22
92426,2024-05-16,10060,Chennai,5128,Electronics,3,422.74,0,Card,50
92427,2024-02-01,10737,Hyderabad,5168,Fashion,3,491.1,0,COD,80
92428,2024-04-18,10017,Hyderabad,5095,Electronics,3,507.71,15,Card,106
92429,2024-01-23,10771,Hyderabad,5148,Electronics,1,501.98,10,Wallet,20
92430,2024-05-10,10146,Delhi,5200,Electronics,3,455.37,0,COD,43
92431,2024-12-16,10228,Delhi,5058,Grocery,3,651.1,15,Wallet,50
92432,2024-07-15,10031,Mumbai,5191,Fashion,3,398.65,0,Wallet,79
92433,2024-02-07,10250,Bangalore,5004,Food,1,785.72,0,UPI,114
92434,2024-02-14,10289,Mumbai,5079,Food,2,596.7,15,Wallet,26
92435,2024-04-16,10350,Hyderabad,5139,Fashion,4,293.49,15,Card,22
92436,2024-09-03,10261,Hyderabad,5130,Grocery,1,905.74,20,Card,22
92437,2024-05-05,10702,Chennai,5120,Food,4,304.58,10,COD,63
92438,2024-06-23,10017,Hyderabad,5086,Fashion,1,467.66,10,UPI,49
92439,2024-09-09,10641,Mumbai,5057,Food,1,691.72,5,Wallet,63
92440,2024-06-17,10473,Delhi,5186,Electronics,1,185.81,5,UPI,113
92441,2024-08-18,10149,Hyderabad,5018,Grocery,4,859.3,5,Wallet,112
92442,2024-01-10,10458,Chennai,5090,Electronics,1,236.06,5,COD,97
92443,2024-01-15,10770,Mumbai,5156,Grocery,3,949.83,5,Card,69
92444,2024-08-01,10477,Bangalore,5047,Grocery,2,674.81,15,UPI,30
92445,2024-03-30,10079,Chennai,5151,Electronics,4,603.47,0,Card,50
92446,2024-07-01,10022,Mumbai,5070,Food,3,502.74,5,Card,53
92447,2024-08-12,10426,Hyderabad,5199,Fashion,1,423.24,0,UPI,78
92448,2024-10-16,10307,Bangalore,5106,Electronics,1,616.41,0,COD,43
92449,2024-10-12,10444,Mumbai,5103,Food,3,544.62,10,Card,23
92450,2024-10-23,10696,Pune,5001,Electronics,2,808.8,20,COD,40
92451,2024-10-12,10303,Delhi,5159,Fashion,4,745.89,10,UPI,116
92452,2024-08-06,10703,Delhi,5087,Grocery,3,388.05,10,COD,20
92453,2024-10-13,10289,Mumbai,5051,Grocery,4,744.45,20,Wallet,60
92454,2024-09-19,10450,Chennai,5015,Electronics,1,142.22,20,COD,27
92455,2024-05-18,10418,Pune,5052,Grocery,4,352.59,15,UPI,25
92456,2024-01-26,10533,Hyderabad,5007,Fashion,4,559.05,15,UPI,28
92457,2024-03-24,10333,Hyderabad,5014,Grocery,3,372.17,5,Card,67
92458,2024-05-12,10544,Hyderabad,5174,Fashion,1,669.81,0,COD,118
92459,2024-08-26,10789,Hyderabad,5144,Electronics,2,348.99,0,Wallet,41
92460,2024-04-15,10468,Delhi,5106,Food,2,734.09,15,Card,33
92461,2024-04-06,10092,Hyderabad,5086,Fashion,1,525.21,10,UPI,62
92462,2024-03-24,10128,Delhi,5073,Electronics,4,409.99,0,UPI,115
92463,2024-03-11,10481,Chennai,5031,Grocery,2,190.44,5,Wallet,37
92464,2024-11-30,10108,Mumbai,5084,Grocery,1,158.5,5,Wallet,31
92465,2024-06-29,10469,Delhi,5176,Fashion,2,492.03,0,COD,117
92466,2024-04-07,10586,Delhi,5074,Grocery,4,771.47,5,Card,36
92467,2024-01-19,10509,Pune,5128,Food,2,456.77,10,Wallet,76
92468,2024-01-05,10354,Hyderabad,5200,Fashion,2,369.25,0,COD,37
92469,2024-10-28,10683,Hyderabad,5168,Food,2,371.85,15,UPI,41
92470,2024-01-14,10528,Pune,5157,Electronics,2,546.45,15,COD,62
92471,2024-10-09,10502,Mumbai,5015,Food,4,166.37,0,UPI,98
92472,2024-12-28,10027,Pune,5171,Electronics,2,130.21,0,Card,84
92473,2024-02-05,10391,Hyderabad,5141,Food,3,276.82,5,Wallet,95
92474,2024-12-06,10102,Delhi,5168,Electronics,4,375.97,0,UPI,40
92475,2024-03-24,10070,Chennai,5159,Grocery,4,739.11,0,Card,75
92476,2024-07-31,10415,Chennai,5194,Grocery,3,579.78,10,COD,118
92477,2024-04-27,10704,Hyderabad,5169,Grocery,4,130.25,0,Wallet,100
92478,2024-10-03,10750,Bangalore,5179,Grocery,1,292.36,10,Card,75
92479,2024-11-27,10536,Bangalore,5070,Grocery,2,608.92,0,COD,85
92480,2024-03-10,10159,Delhi,5138,Grocery,3,376.34,20,Card,28
92481,2024-06-28,10475,Chennai,5030,Electronics,2,481.95,10,UPI,112
92482,2024-04-03,10317,Delhi,5109,Food,3,603.81,10,Card,95
92483,2024-06-26,10737,Hyderabad,5013,Food,3,280.75,10,UPI,104
92484,2024-06-24,10706,Bangalore,5171,Grocery,2,159.74,10,Wallet,111
92485,2024-07-29,10264,Delhi,5114,Fashion,1,1019.57,5,Card,105
92486,2024-01-29,10185,Hyderabad,5045,Grocery,1,158.6,0,Wallet,63
92487,2024-08-29,10618,Mumbai,5078,Fashion,2,179.04,5,Card,87
92488,2024-11-21,10403,Pune,5088,Fashion,1,146.64,5,Card,77
92489,2024-02-21,10426,Hyderabad,5083,Grocery,2,558.52,20,Wallet,63
92490,2024-04-17,10304,Hyderabad,5092,Food,4,878.23,5,Wallet,96
92491,2024-02-26,10140,Bangalore,5043,Grocery,2,226.81,10,Card,109
92492,2024-08-06,10766,Delhi,5062,Fashion,4,620.43,0,Wallet,75
92493,2024-02-15,10245,Hyderabad,5025,Food,1,510.91,10,Card,88
92494,2024-08-09,10086,Delhi,5110,Fashion,1,673.11,0,Wallet,89
92495,2024-11-10,10454,Pune,5065,Electronics,1,911.04,0,Wallet,65
92496,2024-01-28,10784,Chennai,5002,Grocery,4,381.27,5,UPI,84
92497,2024-02-14,10444,Mumbai,5076,Electronics,4,626.77,15,COD,20
92498,2024-03-31,10486,Hyderabad,5009,Food,2,744.41,5,COD,55
92499,2024-05-04,10515,Chennai,5164,Fashion,2,653.94,0,COD,41
92500,2024-05-10,10533,Hyderabad,5191,Fashion,1,373.8,5,Wallet,115
92501,2024-02-27,10559,Chennai,5155,Fashion,2,601.42,15,COD,40
92502,2024-04-13,10030,Mumbai,5009,Grocery,1,736.42,15,Wallet,102
92503,2024-04-06,10556,Pune,5030,Fashion,4,431.63,0,Card,103
92504,2024-09-20,10236,Hyderabad,5001,Electronics,1,656.0,5,UPI,81
92505,2024-01-31,10749,Hyderabad,5168,Fashion,3,451.63,0,COD,78
92506,2024-08-21,10703,Delhi,5052,Food,3,391.46,10,COD,42
92507,2024-09-24,10113,Pune,5083,Grocery,4,456.94,10,Card,115
92508,2024-02-08,10507,Delhi,5030,Grocery,4,359.59,20,Card,69
92509,2024-01-07,10190,Chennai,5063,Grocery,1,405.12,0,COD,32
92510,2024-07-14,10565,Chennai,5191,Electronics,1,393.87,15,Wallet,57
92511,2024-06-05,10228,Delhi,5118,Electronics,1,854.3,20,UPI,73
92512,2024-05-27,10132,Chennai,5144,Grocery,4,388.98,10,Card,81
92513,2024-08-04,10535,Pune,5068,Food,2,331.63,15,Card,104
92514,2024-02-22,10737,Hyderabad,5023,Food,3,621.98,5,UPI,30
92515,2024-03-07,10209,Chennai,5138,Grocery,1,309.38,0,Wallet,105
92516,2024-05-27,10787,Chennai,5008,Electronics,3,867.69,10,COD,46
92517,2024-03-09,10464,Delhi,5125,Food,3,352.99,5,Card,21
92518,2024-08-23,10389,Mumbai,5065,Electronics,1,869.95,15,UPI,39
92519,2024-04-17,10749,Hyderabad,5158,Grocery,3,833.41,15,Card,62
92520,2024-03-14,10634,Bangalore,5088,Fashion,3,148.96,15,Card,22
92521,2024-07-26,10156,Mumbai,5025,Electronics,1,663.67,5,Card,44
92522,2024-05-30,10338,Hyderabad,5049,Fashion,3,315.38,0,Wallet,32
92523,2024-06-13,10222,Bangalore,5056,Fashion,3,139.49,0,Wallet,56
92524,2024-07-08,10501,Mumbai,5083,Food,1,458.78,10,Wallet,44
92525,2024-01-13,10257,Mumbai,5121,Fashion,4,594.38,0,Card,24
92526,2024-07-10,10332,Mumbai,5156,Electronics,4,948.4,15,Wallet,22
92527,2024-05-04,10317,Delhi,5141,Grocery,1,210.37,15,COD,107
92528,2024-05-27,10690,Bangalore,5053,Electronics,1,252.31,0,Wallet,66
92529,2024-06-05,10137,Chennai,5091,Fashion,4,553.13,15,UPI,54
92530,2024-10-22,10424,Hyderabad,5062,Grocery,4,652.14,10,COD,86
92531,2024-12-18,10666,Mumbai,5145,Fashion,3,221.55,0,COD,105
92532,2024-04-15,10568,Hyderabad,5143,Electronics,1,187.17,0,Wallet,69
92533,2024-04-13,10600,Chennai,5029,Grocery,1,274.77,5,Wallet,65
92534,2024-10-15,10076,Hyderabad,5063,Electronics,4,385.31,10,UPI,109
92535,2024-09-18,10605,Bangalore,5016,Fashion,4,741.2,10,UPI,96
92536,2024-10-25,10451,Delhi,5182,Electronics,4,229.36,5,Wallet,68
92537,2024-03-25,10646,Mumbai,5007,Food,1,697.65,20,UPI,79
92538,2024-03-22,10087,Pune,5152,Food,2,770.76,5,COD,75
92539,2024-07-13,10682,Pune,5120,Fashion,2,286.75,0,UPI,33
92540,2024-11-15,10233,Bangalore,5073,Grocery,2,410.87,10,COD,92
92541,2024-11-05,10091,Hyderabad,5155,Fashion,4,654.97,5,Wallet,57
92542,2024-12-24,10190,Chennai,5013,Food,4,285.48,0,UPI,41
92543,2024-10-19,10022,Mumbai,5126,Food,4,720.89,5,COD,48
92544,2024-05-08,10775,Bangalore,5173,Fashion,2,540.6,15,Wallet,51
92545,2024-08-23,10248,Hyderabad,5126,Fashion,3,619.36,20,Card,105
92546,2024-12-29,10526,Chennai,5151,Fashion,4,432.55,15,Wallet,56
92547,2024-07-02,10070,Chennai,5102,Fashion,4,309.68,0,COD,97
92548,2024-01-27,10084,Pune,5159,Grocery,4,860.99,0,Card,29
92549,2024-01-26,10246,Delhi,5011,Food,3,700.64,5,Card,92
92550,2024-12-24,10133,Bangalore,5174,Grocery,3,809.24,10,UPI,59
92551,2024-10-01,10509,Pune,5176,Electronics,2,535.14,5,UPI,61
92552,2024-10-10,10158,Pune,5193,Food,1,194.62,5,Wallet,27
92553,2024-02-29,10575,Delhi,5154,Grocery,3,460.9,20,Wallet,49
92554,2024-07-18,10094,Hyderabad,5196,Food,3,744.65,5,Wallet,51
92555,2024-07-27,10209,Chennai,5081,Food,2,118.37,0,Card,20
92556,2024-06-15,10574,Bangalore,5156,Food,2,1052.7,10,Wallet,83
92557,2024-06-12,10079,Chennai,5118,Electronics,4,778.45,20,Card,77
92558,2024-10-14,10109,Delhi,5131,Fashion,2,500.72,5,UPI,70
92559,2024-02-25,10192,Chennai,5151,Food,1,539.96,0,COD,100
92560,2024-10-25,10648,Mumbai,5041,Grocery,2,135.71,10,Wallet,114
92561,2024-04-08,10645,Mumbai,5081,Fashion,4,119.85,10,Wallet,46
92562,2024-09-04,10495,Bangalore,5047,Grocery,1,623.59,5,UPI,33
92563,2024-08-10,10769,Delhi,5124,Electronics,1,270.87,10,UPI,109
92564,2024-01-27,10138,Mumbai,5199,Grocery,4,371.26,0,COD,107
92565,2024-05-29,10781,Delhi,5067,Electronics,3,160.84,0,UPI,101
92566,2024-02-15,10354,Hyderabad,5056,Food,2,136.95,10,UPI,101
92567,2024-10-12,10629,Mumbai,5174,Electronics,4,703.1,20,Card,22
92568,2024-02-02,10292,Pune,5186,Fashion,1,234.74,5,UPI,64
92569,2024-01-13,10349,Hyderabad,5098,Electronics,3,610.64,5,COD,94
92570,2024-07-11,10355,Pune,5021,Fashion,1,172.09,20,UPI,72
92571,2024-09-04,10371,Bangalore,5172,Grocery,2,271.06,5,Card,69
92572,2024-08-26,10398,Pune,5097,Fashion,2,975.16,5,Card,70
92573,2024-08-21,10256,Delhi,5095,Electronics,4,403.73,10,Card,46
92574,2024-09-24,10135,Hyderabad,5178,Grocery,2,783.07,5,COD,73
92575,2024-12-08,10764,Hyderabad,5026,Food,1,664.05,15,Wallet,81
92576,2024-07-25,10185,Hyderabad,5039,Fashion,3,760.88,10,COD,47
92577,2024-07-10,10242,Hyderabad,5016,Food,3,633.52,10,Wallet,93
92578,2024-12-20,10708,Bangalore,5185,Fashion,4,80.94,5,Wallet,61
92579,2024-01-03,10777,Hyderabad,5188,Electronics,4,106.15,10,Card,84
92580,2024-11-06,10287,Delhi,5111,Electronics,1,160.19,0,UPI,107
92581,2024-12-10,10669,Bangalore,5003,Grocery,4,91.74,10,COD,52
92582,2024-07-20,10239,Chennai,5132,Food,2,155.32,5,Wallet,119
92583,2024-10-11,10241,Hyderabad,5196,Electronics,1,780.46,0,Wallet,62
92584,2024-01-17,10763,Chennai,5019,Food,1,518.09,0,Wallet,24
92585,2024-12-16,10369,Delhi,5177,Grocery,4,902.29,5,UPI,115
92586,2024-07-18,10354,Hyderabad,5136,Food,3,261.26,0,UPI,63
92587,2024-03-26,10037,Delhi,5164,Electronics,2,730.22,10,Wallet,87
92588,2024-05-20,10487,Hyderabad,5041,Fashion,3,129.85,0,COD,24
92589,2024-05-01,10103,Mumbai,5090,Grocery,1,235.85,10,Card,83
92590,2024-04-23,10542,Bangalore,5085,Fashion,2,510.3,0,COD,66
92591,2024-04-25,10570,Bangalore,5054,Food,4,283.18,5,Card,21
92592,2024-05-13,10512,Delhi,5156,Food,4,917.05,10,COD,30
92593,2024-10-04,10595,Mumbai,5124,Electronics,1,231.13,20,Card,28
92594,2024-04-05,10369,Delhi,5033,Electronics,4,954.92,0,Wallet,92
92595,2024-12-16,10480,Pune,5035,Electronics,4,732.63,5,Wallet,73
92596,2024-03-21,10546,Delhi,5176,Fashion,1,495.5,0,COD,115
92597,2024-05-10,10006,Delhi,5154,Food,1,332.54,10,UPI,40
92598,2024-11-05,10699,Bangalore,5174,Fashion,1,721.13,10,Card,41
92599,2024-03-30,10404,Mumbai,5171,Electronics,1,112.15,15,COD,54
92600,2024-11-19,10557,Pune,5077,Grocery,3,250.38,10,Card,38
92601,2024-08-25,10759,Mumbai,5075,Fashion,4,120.86,5,Wallet,47
92602,2024-02-17,10174,Chennai,5164,Grocery,3,754.2,5,COD,68
92603,2024-07-29,10689,Chennai,5180,Electronics,2,460.81,0,UPI,96
92604,2024-05-08,10192,Chennai,5034,Electronics,1,390.79,20,Card,109
92605,2024-12-09,10625,Hyderabad,5186,Fashion,1,228.77,5,Card,88
92606,2024-07-24,10187,Delhi,5008,Food,2,803.44,5,COD,69
92607,2024-08-26,10133,Bangalore,5195,Grocery,1,174.8,0,UPI,111
92608,2024-01-11,10056,Bangalore,5092,Fashion,2,801.75,10,Wallet,53
92609,2024-10-24,10471,Mumbai,5114,Food,2,820.92,0,Card,92
92610,2024-12-21,10200,Chennai,5114,Electronics,3,911.19,10,Wallet,46
92611,2024-07-02,10151,Bangalore,5179,Fashion,2,267.72,20,Wallet,110
92612,2024-04-10,10347,Pune,5170,Food,1,445.62,10,Card,70
92613,2024-03-02,10364,Mumbai,5020,Fashion,2,695.61,10,Wallet,111
92614,2024-03-25,10631,Hyderabad,5055,Grocery,1,648.42,5,UPI,85
92615,2024-01-11,10445,Pune,5077,Fashion,2,266.75,15,UPI,65
92616,2024-03-09,10629,Mumbai,5164,Grocery,2,709.77,15,Card,79
92617,2024-02-06,10754,Hyderabad,5105,Food,1,937.96,0,COD,76
92618,2024-03-21,10403,Pune,5081,Food,3,138.5,10,UPI,39
92619,2024-03-09,10481,Chennai,5111,Electronics,4,181.08,0,UPI,39
92620,2024-12-30,10325,Pune,5145,Food,1,268.86,0,UPI,97
92621,2024-08-20,10617,Bangalore,5011,Fashion,3,723.02,5,COD,37
92622,2024-02-01,10655,Bangalore,5119,Fashion,3,851.28,0,COD,44
92623,2024-08-15,10070,Chennai,5063,Fashion,4,443.98,0,Wallet,77
92624,2024-06-05,10134,Bangalore,5133,Food,4,715.98,0,Card,24
92625,2024-01-28,10332,Mumbai,5144,Food,3,282.87,15,UPI,69
92626,2024-01-03,10299,Hyderabad,5188,Food,1,101.47,0,COD,42
92627,2024-12-03,10296,Bangalore,5164,Electronics,2,595.4,0,UPI,77
92628,2024-11-13,10480,Pune,5011,Grocery,4,679.19,0,UPI,35
92629,2024-02-18,10572,Hyderabad,5165,Grocery,4,529.35,0,Card,28
92630,2024-09-06,10534,Chennai,5143,Fashion,2,200.63,5,COD,100
92631,2024-07-01,10679,Mumbai,5173,Grocery,3,417.69,5,Wallet,77
92632,2024-08-17,10435,Mumbai,5081,Grocery,2,106.81,5,Wallet,77
92633,2024-01-08,10516,Bangalore,5054,Electronics,3,323.15,15,Card,24
92634,2024-11-03,10025,Mumbai,5180,Grocery,1,498.69,0,UPI,116
92635,2024-06-27,10612,Mumbai,5010,Fashion,1,481.28,10,Card,58
92636,2024-06-02,10085,Pune,5145,Food,4,252.17,5,Card,32
92637,2024-06-04,10235,Hyderabad,5073,Electronics,3,295.77,15,UPI,50
92638,2024-01-17,10593,Chennai,5046,Fashion,1,1105.8,5,Card,88
92639,2024-03-18,10284,Bangalore,5195,Food,2,144.14,0,UPI,25
92640,2024-10-29,10303,Delhi,5165,Food,1,524.2,10,Wallet,85
92641,2024-08-12,10535,Pune,5156,Electronics,1,939.44,5,Card,78
92642,2024-03-07,10602,Delhi,5190,Electronics,1,990.23,5,Card,109
92643,2024-11-10,10703,Delhi,5134,Electronics,3,138.49,0,UPI,46
92644,2024-07-09,10588,Hyderabad,5121,Food,3,650.8,15,Card,79
92645,2024-03-24,10697,Bangalore,5026,Food,1,609.04,10,Card,80
92646,2024-11-07,10107,Bangalore,5023,Fashion,4,676.04,15,Wallet,111
92647,2024-07-22,10451,Delhi,5047,Fashion,2,567.38,20,Card,42
92648,2024-03-08,10219,Chennai,5121,Grocery,4,687.74,5,COD,109
92649,2024-09-16,10693,Delhi,5025,Electronics,2,629.5,5,COD,61
92650,2024-06-07,10740,Pune,5093,Fashion,2,451.03,0,COD,96
92651,2024-02-27,10489,Pune,5134,Electronics,2,175.34,0,COD,99
92652,2024-08-13,10038,Delhi,5081,Electronics,3,105.86,0,Wallet,57
92653,2024-01-10,10205,Delhi,5119,Electronics,1,795.81,0,Wallet,57
92654,2024-12-20,10379,Bangalore,5029,Food,1,228.31,0,UPI,82
92655,2024-06-04,10306,Delhi,5190,Food,3,816.76,15,UPI,36
92656,2024-01-19,10447,Hyderabad,5001,Food,1,857.87,10,Card,80
92657,2024-02-28,10789,Hyderabad,5033,Grocery,4,898.94,20,Card,82
92658,2024-08-12,10610,Hyderabad,5124,Electronics,1,246.18,5,Card,44
92659,2024-03-02,10342,Pune,5082,Grocery,4,992.36,15,COD,25
92660,2024-07-01,10486,Hyderabad,5110,Fashion,2,595.66,0,Wallet,82
92661,2024-04-25,10209,Chennai,5182,Food,4,214.5,20,Wallet,84
92662,2024-04-01,10147,Bangalore,5184,Food,1,224.57,0,Wallet,39
92663,2024-02-19,10173,Pune,5135,Food,1,788.26,5,Card,62
92664,2024-06-29,10727,Hyderabad,5182,Grocery,4,230.15,5,Wallet,32
92665,2024-07-29,10350,Hyderabad,5174,Fashion,2,929.91,5,COD,33
92666,2024-01-06,10769,Delhi,5047,Electronics,4,543.11,10,Wallet,109
92667,2024-06-02,10773,Mumbai,5049,Food,2,404.17,10,Wallet,93
92668,2024-06-24,10422,Bangalore,5063,Grocery,3,419.57,15,Card,96
92669,2024-12-16,10394,Bangalore,5113,Electronics,1,525.39,10,UPI,27
92670,2024-01-22,10076,Hyderabad,5193,Grocery,4,195.28,15,COD,77
92671,2024-06-01,10402,Mumbai,5156,Food,3,1032.72,10,UPI,52
92672,2024-08-30,10343,Bangalore,5144,Food,1,393.71,5,COD,115
92673,2024-12-21,10198,Pune,5150,Electronics,2,96.98,10,UPI,119
92674,2024-04-19,10016,Bangalore,5125,Fashion,4,290.17,20,Wallet,25
92675,2024-10-23,10258,Mumbai,5079,Electronics,3,672.9,10,Card,50
92676,2024-10-28,10616,Mumbai,5089,Grocery,3,573.97,10,COD,42
92677,2024-03-07,10415,Chennai,5020,Fashion,1,657.12,0,Card,112
92678,2024-06-11,10523,Pune,5018,Electronics,4,860.82,20,COD,20
92679,2024-04-05,10780,Pune,5060,Grocery,4,219.69,0,Wallet,39
92680,2024-08-17,10024,Chennai,5176,Food,4,655.12,15,Card,69
92681,2024-12-16,10087,Pune,5182,Grocery,3,185.04,15,Card,100
92682,2024-02-13,10608,Hyderabad,5128,Food,3,398.33,10,Wallet,95
92683,2024-01-20,10163,Pune,5011,Fashion,2,673.42,20,Card,118
92684,2024-04-28,10619,Chennai,5186,Food,4,218.16,5,Wallet,70
92685,2024-03-10,10071,Pune,5166,Grocery,1,416.18,5,Card,93
92686,2024-10-30,10634,Bangalore,5132,Grocery,4,190.24,15,COD,70
92687,2024-07-18,10738,Delhi,5053,Fashion,3,305.05,0,Wallet,85
92688,2024-09-03,10436,Pune,5035,Electronics,3,1034.67,15,Card,40
92689,2024-01-29,10260,Chennai,5027,Grocery,1,136.2,15,UPI,25
92690,2024-01-05,10357,Chennai,5069,Grocery,3,105.51,0,UPI,117
92691,2024-04-27,10211,Mumbai,5002,Electronics,2,396.27,15,COD,36
92692,2024-11-26,10466,Chennai,5165,Grocery,4,411.3,20,COD,67
92693,2024-04-02,10794,Bangalore,5063,Food,4,466.22,0,Card,100
92694,2024-05-19,10510,Chennai,5026,Fashion,4,589.64,15,Wallet,48
92695,2024-05-18,10034,Chennai,5044,Electronics,2,240.97,15,Card,113
92696,2024-06-24,10310,Delhi,5105,Food,1,826.25,10,COD,116
92697,2024-12-06,10567,Delhi,5089,Food,3,532.18,5,Wallet,118
92698,2024-12-03,10245,Hyderabad,5022,Grocery,2,124.8,5,COD,56
92699,2024-09-02,10632,Mumbai,5009,Food,2,813.32,0,COD,80
92700,2024-07-10,10569,Bangalore,5112,Food,2,699.22,0,UPI,44
92701,2024-07-22,10326,Bangalore,5055,Food,3,468.77,20,Card,92
92702,2024-04-01,10776,Chennai,5001,Food,4,616.47,0,COD,44
92703,2024-03-04,10690,Bangalore,5010,Food,4,591.9,0,COD,35
92704,2024-03-16,10788,Mumbai,5058,Food,3,708.23,5,COD,102
92705,2024-11-21,10032,Pune,5197,Grocery,1,676.5,0,Card,44
92706,2024-10-08,10451,Delhi,5068,Food,4,328.98,0,Wallet,101
92707,2024-03-03,10108,Mumbai,5111,Food,3,176.21,10,UPI,78
92708,2024-12-20,10146,Delhi,5032,Electronics,2,430.52,0,Card,103
92709,2024-04-25,10668,Bangalore,5114,Fashion,4,1007.62,15,Wallet,89
92710,2024-01-01,10673,Bangalore,5088,Food,2,122.19,0,Card,37
92711,2024-04-02,10385,Pune,5096,Fashion,4,865.18,0,COD,100
92712,2024-11-26,10351,Bangalore,5142,Food,3,847.15,0,Card,80
92713,2024-05-17,10787,Chennai,5093,Fashion,1,552.38,10,Wallet,114
92714,2024-07-09,10196,Hyderabad,5167,Electronics,4,653.58,0,UPI,47
92715,2024-01-18,10053,Bangalore,5174,Food,3,781.02,10,Wallet,82
92716,2024-10-21,10192,Chennai,5190,Food,2,1040.92,0,Wallet,87
92717,2024-09-19,10096,Pune,5008,Grocery,4,858.29,10,Card,86
92718,2024-07-13,10753,Delhi,5133,Food,2,775.17,20,UPI,83
92719,2024-08-07,10033,Delhi,5115,Food,2,412.83,15,Wallet,108
92720,2024-12-30,10264,Delhi,5120,Food,1,313.57,15,Wallet,110
92721,2024-12-27,10458,Chennai,5066,Electronics,4,506.23,5,COD,73
92722,2024-09-02,10159,Delhi,5015,Grocery,2,155.72,0,Wallet,68
92723,2024-05-28,10245,Hyderabad,5103,Food,2,618.56,15,COD,98
92724,2024-02-27,10019,Pune,5118,Food,4,788.13,0,Wallet,118
92725,2024-01-25,10754,Hyderabad,5108,Grocery,3,1023.36,20,Wallet,100
92726,2024-08-28,10234,Mumbai,5092,Fashion,4,700.13,15,Card,71
92727,2024-06-30,10648,Mumbai,5194,Fashion,3,602.79,0,COD,90
92728,2024-05-23,10614,Delhi,5031,Grocery,3,157.97,10,Card,85
92729,2024-04-15,10151,Bangalore,5197,Food,2,549.49,20,Wallet,105
92730,2024-05-15,10032,Pune,5144,Electronics,1,401.8,15,COD,79
92731,2024-10-02,10554,Mumbai,5194,Grocery,1,744.18,5,Wallet,110
92732,2024-12-14,10190,Chennai,5050,Grocery,1,146.25,5,COD,47
92733,2024-03-19,10494,Delhi,5017,Fashion,1,453.99,0,COD,21
92734,2024-10-27,10028,Mumbai,5150,Fashion,3,113.03,0,COD,118
92735,2024-01-25,10796,Chennai,5127,Electronics,4,1016.04,0,Card,49
92736,2024-05-10,10377,Pune,5048,Electronics,1,180.67,5,Wallet,32
92737,2024-03-17,10503,Hyderabad,5018,Grocery,4,838.6,5,COD,51
92738,2024-08-28,10200,Chennai,5183,Grocery,3,294.76,20,Card,23
92739,2024-10-05,10751,Hyderabad,5154,Grocery,2,440.16,10,COD,38
92740,2024-06-27,10526,Chennai,5034,Grocery,4,351.56,10,COD,61
92741,2024-03-03,10050,Bangalore,5198,Food,1,671.78,10,Wallet,37
92742,2024-11-25,10644,Pune,5169,Fashion,3,154.92,15,UPI,26
92743,2024-01-09,10127,Bangalore,5032,Electronics,4,432.22,5,COD,85
92744,2024-09-26,10514,Mumbai,5175,Electronics,1,706.36,15,UPI,63
92745,2024-09-08,10496,Hyderabad,5169,Electronics,1,131.79,0,COD,104
92746,2024-10-18,10416,Delhi,5028,Grocery,3,980.72,5,COD,75
92747,2024-05-23,10030,Mumbai,5196,Grocery,2,709.39,0,UPI,48
92748,2024-11-16,10343,Bangalore,5001,Grocery,3,815.2,0,UPI,24
92749,2024-01-08,10063,Mumbai,5190,Fashion,1,972.29,0,UPI,31
92750,2024-07-07,10368,Pune,5103,Grocery,4,671.49,10,COD,48
92751,2024-01-06,10116,Delhi,5051,Food,3,794.77,0,COD,107
92752,2024-01-10,10160,Chennai,5165,Food,2,493.37,0,Card,52
92753,2024-02-07,10602,Delhi,5038,Food,2,380.52,15,UPI,99
92754,2024-04-18,10276,Mumbai,5113,Food,4,671.11,5,Card,62
92755,2024-10-26,10443,Delhi,5180,Grocery,4,596.46,15,Wallet,55
92756,2024-04-29,10485,Chennai,5046,Fashion,1,1008.35,15,UPI,45
92757,2024-10-13,10309,Delhi,5083,Food,2,540.94,0,Card,46
92758,2024-04-21,10673,Bangalore,5043,Food,1,205.3,5,COD,51
92759,2024-11-28,10099,Chennai,5138,Fashion,4,374.57,10,Wallet,85
92760,2024-03-28,10273,Delhi,5147,Grocery,3,257.02,15,UPI,50
92761,2024-06-29,10316,Chennai,5200,Electronics,1,391.31,10,COD,84
92762,2024-08-10,10430,Delhi,5189,Food,2,626.2,5,UPI,45
92763,2024-07-22,10287,Delhi,5137,Fashion,3,287.92,0,COD,106
92764,2024-04-03,10687,Mumbai,5188,Electronics,2,118.57,5,COD,85
92765,2024-11-07,10469,Delhi,5199,Fashion,2,471.5,5,Wallet,48
92766,2024-12-24,10717,Pune,5153,Electronics,1,89.81,0,Card,103
92767,2024-12-11,10703,Delhi,5029,Food,3,268.95,5,Card,118
92768,2024-05-25,10021,Chennai,5057,Electronics,3,532.06,15,Wallet,62
92769,2024-08-27,10213,Mumbai,5145,Electronics,3,247.71,5,Wallet,23
92770,2024-05-18,10057,Pune,5117,Fashion,1,948.89,10,Card,40
92771,2024-04-30,10445,Pune,5045,Electronics,2,165.64,5,COD,106
92772,2024-08-04,10065,Mumbai,5058,Fashion,4,865.69,10,Card,85
92773,2024-03-02,10683,Hyderabad,5076,Food,2,597.96,10,Card,110
92774,2024-06-23,10133,Bangalore,5173,Electronics,1,557.99,20,Card,37
92775,2024-11-12,10301,Chennai,5092,Grocery,3,659.56,15,COD,61
92776,2024-11-18,10356,Pune,5175,Grocery,2,716.57,10,UPI,71
92777,2024-03-08,10151,Bangalore,5124,Electronics,2,230.88,5,UPI,116
92778,2024-08-30,10023,Bangalore,5126,Grocery,1,598.03,0,Card,35
92779,2024-05-26,10774,Mumbai,5006,Food,3,180.18,20,Card,26
92780,2024-02-03,10134,Bangalore,5138,Food,3,340.41,10,UPI,53
92781,2024-12-12,10046,Chennai,5122,Fashion,3,709.93,5,Card,42
92782,2024-12-25,10563,Bangalore,5065,Grocery,3,876.69,5,COD,36
92783,2024-07-10,10412,Hyderabad,5029,Grocery,2,251.1,0,Card,108
92784,2024-12-04,10777,Hyderabad,5189,Grocery,3,571.81,0,COD,88
92785,2024-11-08,10522,Hyderabad,5073,Grocery,3,415.48,0,UPI,85
92786,2024-11-23,10300,Chennai,5135,Food,2,874.33,0,Card,43
92787,2024-03-21,10220,Pune,5190,Fashion,1,905.08,0,Wallet,28
92788,2024-09-26,10380,Bangalore,5038,Electronics,3,497.11,10,UPI,71
92789,2024-11-01,10606,Delhi,5079,Food,3,789.03,5,UPI,79
92790,2024-06-20,10585,Hyderabad,5071,Grocery,4,127.56,0,Card,100
92791,2024-07-10,10478,Hyderabad,5080,Grocery,3,542.03,10,Wallet,96
92792,2024-12-05,10733,Chennai,5136,Fashion,4,296.65,5,Wallet,23
92793,2024-06-12,10108,Mumbai,5109,Grocery,2,610.1,0,Wallet,77
92794,2024-09-09,10771,Hyderabad,5046,Electronics,3,914.58,0,Card,91
92795,2024-08-17,10157,Hyderabad,5141,Food,1,229.75,5,Wallet,104
92796,2024-11-09,10116,Delhi,5104,Food,2,472.97,0,COD,47
92797,2024-01-21,10505,Mumbai,5120,Food,4,270.83,20,UPI,49
92798,2024-04-10,10763,Chennai,5083,Grocery,3,457.66,0,COD,59
92799,2024-03-26,10629,Mumbai,5148,Fashion,2,598.18,15,UPI,82
92800,2024-05-24,10308,Chennai,5017,Fashion,4,560.56,10,COD,71
92801,2024-07-07,10232,Mumbai,5057,Electronics,1,637.17,5,Wallet,29
92802,2024-03-28,10454,Pune,5119,Fashion,4,741.23,5,UPI,95
92803,2024-08-18,10153,Chennai,5001,Food,2,608.76,0,COD,49
92804,2024-07-21,10356,Pune,5174,Grocery,2,820.35,10,COD,105
92805,2024-04-10,10743,Delhi,5163,Food,4,230.41,0,UPI,109
92806,2024-11-08,10576,Chennai,5044,Electronics,3,235.1,5,Card,115
92807,2024-05-27,10585,Hyderabad,5194,Electronics,2,666.02,0,Card,43
92808,2024-06-06,10425,Mumbai,5036,Grocery,1,677.75,10,Wallet,71
92809,2024-10-29,10667,Pune,5053,Fashion,2,266.23,10,Card,90
92810,2024-09-03,10028,Mumbai,5049,Food,1,438.36,20,Wallet,32
92811,2024-09-17,10092,Hyderabad,5155,Electronics,2,665.85,0,Card,68
92812,2024-07-08,10142,Delhi,5005,Electronics,2,219.45,15,Card,101
92813,2024-04-13,10739,Pune,5158,Electronics,3,867.39,10,Card,52
92814,2024-07-05,10467,Bangalore,5023,Food,3,616.97,15,Wallet,98
92815,2024-06-08,10364,Mumbai,5040,Food,2,488.84,15,Wallet,101
92816,2024-08-06,10543,Bangalore,5037,Food,3,108.89,0,UPI,100
92817,2024-02-03,10713,Mumbai,5126,Fashion,3,643.15,15,Card,118
92818,2024-03-10,10670,Bangalore,5102,Grocery,3,308.82,0,Wallet,117
92819,2024-02-03,10339,Mumbai,5119,Food,1,968.02,0,COD,51
92820,2024-11-08,10476,Pune,5059,Grocery,3,566.47,10,UPI,102
92821,2024-07-05,10113,Pune,5141,Electronics,4,205.52,0,COD,61
92822,2024-08-05,10350,Hyderabad,5126,Grocery,1,584.6,10,Wallet,62
92823,2024-11-19,10391,Hyderabad,5001,Fashion,1,863.99,5,Wallet,20
92824,2024-08-29,10324,Hyderabad,5144,Fashion,3,392.34,0,Wallet,36
92825,2024-02-13,10396,Bangalore,5060,Fashion,1,204.4,10,Card,106
92826,2024-05-08,10362,Bangalore,5056,Electronics,2,157.0,10,COD,118
92827,2024-05-11,10170,Bangalore,5159,Food,2,840.2,0,Card,112
92828,2024-12-22,10363,Chennai,5129,Electronics,4,1046.4,0,COD,32
92829,2024-06-23,10178,Mumbai,5160,Fashion,2,181.15,0,UPI,42
92830,2024-09-18,10689,Chennai,5100,Grocery,1,774.21,10,UPI,93
92831,2024-05-04,10445,Pune,5077,Fashion,2,280.38,10,COD,97
92832,2024-01-31,10545,Mumbai,5160,Grocery,1,182.03,15,Wallet,76
92833,2024-11-21,10200,Chennai,5059,Electronics,2,620.41,15,COD,58
92834,2024-06-18,10143,Hyderabad,5137,Grocery,1,266.42,10,UPI,54
92835,2024-10-31,10629,Mumbai,5160,Electronics,3,170.22,5,Wallet,84
92836,2024-10-17,10347,Pune,5173,Food,2,481.71,10,UPI,49
92837,2024-09-30,10646,Mumbai,5195,Grocery,2,139.8,0,UPI,48
92838,2024-06-28,10257,Mumbai,5169,Fashion,1,125.56,10,Card,77
92839,2024-03-07,10057,Pune,5012,Electronics,4,480.09,15,COD,35
92840,2024-01-26,10334,Delhi,5120,Fashion,1,279.94,0,UPI,117
92841,2024-05-09,10547,Chennai,5055,Electronics,4,567.46,10,Wallet,61
92842,2024-06-10,10111,Chennai,5150,Food,4,99.53,5,Card,33
92843,2024-03-20,10528,Pune,5124,Fashion,1,200.98,15,UPI,69
92844,2024-08-17,10634,Bangalore,5102,Electronics,4,246.0,5,UPI,20
92845,2024-10-25,10505,Mumbai,5003,Fashion,3,100.71,0,UPI,22
92846,2024-03-03,10205,Delhi,5195,Grocery,4,175.32,5,UPI,58
92847,2024-09-19,10768,Hyderabad,5091,Electronics,3,515.1,0,UPI,60
92848,2024-06-26,10485,Chennai,5036,Fashion,4,643.79,0,COD,59
92849,2024-06-27,10053,Bangalore,5002,Grocery,3,437.32,5,Card,42
92850,2024-02-20,10637,Chennai,5168,Electronics,4,380.06,0,UPI,104
92851,2024-05-10,10216,Chennai,5168,Electronics,3,363.14,5,UPI,67
92852,2024-09-18,10289,Mumbai,5161,Fashion,2,243.04,5,COD,104
92853,2024-09-23,10108,Mumbai,5027,Fashion,3,136.88,5,Card,107
92854,2024-02-01,10775,Bangalore,5009,Electronics,4,758.63,15,COD,68
92855,2024-10-22,10234,Mumbai,5139,Food,1,391.26,15,Card,82
92856,2024-11-12,10553,Delhi,5082,Food,2,875.57,0,Card,100
92857,2024-06-02,10593,Chennai,5010,Fashion,3,509.3,20,Wallet,70
92858,2024-02-26,10394,Bangalore,5103,Food,4,723.89,5,Card,102
92859,2024-12-04,10341,Hyderabad,5013,Food,4,276.56,0,UPI,62
92860,2024-11-29,10640,Bangalore,5001,Electronics,2,858.56,0,Card,65
92861,2024-09-08,10401,Hyderabad,5091,Food,2,600.71,15,Card,55
92862,2024-12-11,10018,Chennai,5059,Food,2,622.24,10,Wallet,92
92863,2024-01-27,10679,Mumbai,5129,Grocery,1,884.81,0,Wallet,65
92864,2024-02-01,10709,Bangalore,5189,Grocery,2,593.96,0,Card,85
92865,2024-11-02,10133,Bangalore,5125,Electronics,1,310.98,0,Wallet,108
92866,2024-04-19,10282,Delhi,5154,Grocery,1,370.16,15,UPI,87
92867,2024-11-02,10507,Delhi,5022,Grocery,1,122.29,10,UPI,73
92868,2024-08-22,10054,Hyderabad,5111,Grocery,2,156.37,5,Card,73
92869,2024-04-15,10204,Bangalore,5045,Electronics,1,158.97,5,COD,78
92870,2024-09-09,10303,Delhi,5087,Food,1,346.13,0,Card,57
92871,2024-04-04,10169,Chennai,5145,Food,3,270.04,10,COD,110
92872,2024-02-01,10168,Chennai,5067,Grocery,3,192.76,5,COD,32
92873,2024-01-29,10248,Hyderabad,5155,Grocery,4,763.6,15,Card,39
92874,2024-04-23,10518,Mumbai,5122,Electronics,3,737.8,5,Card,33
92875,2024-07-05,10253,Bangalore,5013,Food,4,250.92,5,UPI,79
92876,2024-01-04,10518,Mumbai,5146,Electronics,1,79.59,10,UPI,84
92877,2024-11-27,10797,Mumbai,5158,Grocery,3,855.73,5,UPI,61
92878,2024-04-26,10429,Pune,5101,Grocery,1,405.43,20,Wallet,113
92879,2024-04-03,10051,Mumbai,5140,Electronics,2,405.0,15,COD,57
92880,2024-01-05,10660,Chennai,5023,Fashion,3,777.53,10,Card,91
92881,2024-10-18,10151,Bangalore,5183,Fashion,1,335.97,10,Wallet,54
92882,2024-06-06,10393,Mumbai,5156,Electronics,4,1007.99,5,UPI,97
92883,2024-09-06,10510,Chennai,5121,Electronics,2,620.23,15,Wallet,98
92884,2024-07-18,10536,Bangalore,5130,Fashion,2,695.58,20,COD,67
92885,2024-05-12,10322,Hyderabad,5132,Food,1,177.86,0,UPI,113
92886,2024-12-08,10772,Pune,5098,Electronics,3,565.01,10,Wallet,32
92887,2024-08-25,10714,Delhi,5092,Fashion,1,814.6,0,Card,39
92888,2024-05-08,10100,Pune,5024,Food,2,354.6,5,UPI,104
92889,2024-04-13,10442,Pune,5050,Food,4,105.09,15,Card,100
92890,2024-09-11,10639,Mumbai,5103,Fashion,1,553.28,0,Card,27
92891,2024-10-03,10644,Pune,5038,Fashion,1,435.19,10,UPI,76
92892,2024-01-23,10019,Pune,5151,Fashion,1,502.03,5,UPI,118
92893,2024-03-11,10097,Chennai,5094,Electronics,4,900.13,15,UPI,111
92894,2024-04-07,10417,Delhi,5194,Food,1,672.38,20,Wallet,81
92895,2024-07-13,10658,Pune,5030,Electronics,4,497.55,10,Card,78
92896,2024-06-07,10309,Delhi,5047,Electronics,2,563.37,20,COD,37
92897,2024-03-02,10223,Bangalore,5096,Fashion,4,702.64,15,COD,52
92898,2024-06-06,10782,Hyderabad,5104,Food,1,488.9,0,Card,60
92899,2024-06-23,10144,Chennai,5122,Fashion,2,935.28,10,Wallet,72
92900,2024-05-02,10295,Delhi,5061,Electronics,2,510.88,5,Card,88
92901,2024-05-17,10266,Chennai,5076,Food,2,459.87,5,UPI,28
92902,2024-06-03,10039,Pune,5185,Food,2,74.75,10,Wallet,78
92903,2024-11-22,10247,Bangalore,5022,Fashion,2,150.56,5,Card,109
92904,2024-04-07,10474,Chennai,5084,Fashion,1,155.48,0,Wallet,24
92905,2024-10-12,10496,Hyderabad,5046,Electronics,1,926.85,20,COD,44
92906,2024-05-16,10213,Mumbai,5110,Grocery,2,653.84,0,UPI,98
92907,2024-06-09,10441,Mumbai,5154,Food,3,416.67,10,Card,106
92908,2024-09-28,10106,Bangalore,5179,Fashion,3,336.54,0,COD,116
92909,2024-01-11,10185,Hyderabad,5012,Fashion,3,407.02,10,COD,108
92910,2024-12-28,10370,Chennai,5196,Food,2,726.81,20,Wallet,104
92911,2024-01-10,10531,Pune,5069,Grocery,4,126.97,5,COD,89
92912,2024-02-22,10502,Mumbai,5127,Fashion,3,954.11,15,Card,66
92913,2024-10-24,10307,Bangalore,5010,Electronics,3,588.59,0,COD,56
92914,2024-02-28,10422,Bangalore,5072,Grocery,3,251.99,10,COD,84
92915,2024-12-25,10789,Hyderabad,5199,Food,2,415.25,10,UPI,74
92916,2024-06-25,10480,Pune,5176,Grocery,2,517.71,5,COD,21
92917,2024-05-11,10742,Hyderabad,5101,Food,3,367.9,10,UPI,89
92918,2024-02-06,10692,Chennai,5138,Food,2,293.25,5,Card,36
92919,2024-06-23,10721,Bangalore,5123,Grocery,1,509.72,0,Wallet,87
92920,2024-02-07,10121,Delhi,5167,Fashion,1,681.17,5,UPI,41
92921,2024-08-15,10098,Delhi,5133,Food,1,913.32,0,UPI,103
92922,2024-03-15,10514,Mumbai,5058,Fashion,4,877.43,0,UPI,56
92923,2024-10-31,10047,Hyderabad,5108,Food,3,969.35,10,UPI,110
92924,2024-03-12,10579,Chennai,5059,Food,4,597.31,0,Card,29
92925,2024-04-28,10104,Bangalore,5095,Food,4,391.5,10,Wallet,21
92926,2024-03-03,10318,Bangalore,5131,Grocery,4,610.11,0,Wallet,101
92927,2024-05-09,10705,Chennai,5037,Food,4,100.29,5,Wallet,73
92928,2024-03-26,10624,Pune,5055,Food,3,508.39,20,Card,20
92929,2024-12-24,10356,Pune,5018,Food,1,787.69,5,Card,35
92930,2024-05-02,10293,Delhi,5073,Electronics,1,392.93,0,COD,116
92931,2024-11-15,10664,Hyderabad,5010,Electronics,3,585.46,0,Wallet,88
92932,2024-08-26,10158,Pune,5015,Grocery,2,141.43,10,Wallet,65
92933,2024-09-24,10572,Hyderabad,5154,Fashion,1,409.1,0,COD,27
92934,2024-12-12,10601,Chennai,5109,Fashion,2,804.64,10,Wallet,63
92935,2024-08-04,10716,Pune,5181,Electronics,3,550.97,5,COD,99
92936,2024-06-15,10530,Bangalore,5128,Food,4,396.46,10,UPI,44
92937,2024-12-17,10329,Chennai,5061,Fashion,2,545.44,15,UPI,31
92938,2024-03-23,10645,Mumbai,5126,Electronics,2,712.32,10,Card,115
92939,2024-04-03,10372,Bangalore,5091,Food,4,526.55,10,COD,54
92940,2024-10-25,10630,Mumbai,5173,Food,3,415.7,0,Wallet,59
92941,2024-12-19,10166,Chennai,5034,Grocery,4,432.84,0,Card,103
92942,2024-05-21,10795,Hyderabad,5057,Grocery,1,727.71,10,UPI,24
92943,2024-01-07,10612,Mumbai,5131,Fashion,1,454.47,0,COD,72
92944,2024-02-26,10339,Mumbai,5183,Fashion,3,317.75,0,Wallet,97
92945,2024-02-17,10170,Bangalore,5059,Fashion,3,493.87,5,Card,38
92946,2024-06-04,10289,Mumbai,5021,Grocery,3,206.01,5,Card,85
92947,2024-12-14,10454,Pune,5014,Food,1,398.73,0,Wallet,56
92948,2024-09-20,10470,Hyderabad,5078,Fashion,4,183.53,10,Wallet,35
92949,2024-06-15,10308,Chennai,5083,Food,3,528.5,0,Wallet,117
92950,2024-05-28,10724,Mumbai,5174,Grocery,3,943.0,20,COD,75
92951,2024-10-07,10370,Chennai,5137,Food,4,263.2,5,COD,22
92952,2024-11-12,10193,Bangalore,5027,Electronics,3,146.97,20,UPI,82
92953,2024-10-26,10178,Mumbai,5185,Electronics,3,65.46,15,COD,53
92954,2024-06-07,10623,Hyderabad,5085,Grocery,1,549.24,0,UPI,78
92955,2024-07-06,10746,Chennai,5161,Fashion,1,231.62,15,UPI,116
92956,2024-01-05,10156,Mumbai,5097,Food,2,816.39,0,UPI,68
92957,2024-05-08,10704,Hyderabad,5023,Electronics,2,731.89,5,Wallet,42
92958,2024-02-05,10061,Pune,5134,Fashion,2,146.77,10,Wallet,53
92959,2024-11-08,10765,Pune,5022,Food,4,135.62,0,COD,96
92960,2024-10-02,10084,Pune,5102,Food,2,292.71,10,Wallet,41
92961,2024-07-20,10241,Hyderabad,5123,Food,1,514.56,5,Wallet,52
92962,2024-09-05,10625,Hyderabad,5155,Electronics,4,621.71,20,Card,59
92963,2024-10-13,10570,Bangalore,5131,Electronics,2,505.68,20,Card,89
92964,2024-05-21,10748,Chennai,5137,Electronics,1,292.4,10,Wallet,47
92965,2024-07-26,10011,Delhi,5082,Grocery,4,838.66,10,Wallet,24
92966,2024-01-26,10315,Mumbai,5127,Food,1,858.13,10,Card,52
92967,2024-10-07,10144,Chennai,5123,Grocery,2,489.58,5,COD,111
92968,2024-04-05,10410,Mumbai,5011,Electronics,4,624.67,15,UPI,54
92969,2024-02-14,10131,Chennai,5001,Grocery,4,739.82,15,COD,54
92970,2024-08-30,10490,Hyderabad,5198,Grocery,4,651.11,0,Card,102
92971,2024-07-02,10505,Mumbai,5170,Electronics,4,509.35,10,Wallet,23
92972,2024-04-13,10091,Hyderabad,5081,Fashion,2,148.03,0,Wallet,32
92973,2024-12-23,10359,Mumbai,5194,Fashion,1,751.14,0,UPI,43
92974,2024-08-03,10563,Bangalore,5154,Grocery,1,459.26,10,UPI,68
92975,2024-05-01,10586,Delhi,5119,Food,3,950.93,20,Wallet,32
92976,2024-02-07,10290,Pune,5116,Fashion,2,460.24,20,Wallet,117
92977,2024-10-10,10430,Delhi,5174,Grocery,4,693.87,5,Wallet,31
92978,2024-02-06,10194,Chennai,5080,Grocery,3,559.32,15,UPI,58
92979,2024-06-25,10516,Bangalore,5072,Fashion,1,274.51,0,Card,47
92980,2024-09-09,10103,Mumbai,5006,Food,3,243.87,20,Card,112
92981,2024-08-13,10306,Delhi,5092,Food,1,885.85,10,Wallet,94
92982,2024-07-18,10446,Hyderabad,5181,Electronics,2,491.9,5,Card,114
92983,2024-01-23,10462,Pune,5099,Food,2,680.21,20,UPI,89
92984,2024-01-14,10525,Mumbai,5115,Electronics,4,453.34,5,Card,117
92985,2024-10-26,10102,Delhi,5046,Fashion,4,1044.17,5,Card,45
92986,2024-04-05,10222,Bangalore,5121,Grocery,2,579.97,0,COD,28
92987,2024-02-19,10660,Chennai,5039,Electronics,3,553.15,15,Wallet,59
92988,2024-04-27,10212,Hyderabad,5059,Grocery,3,472.24,15,UPI,36
92989,2024-07-12,10127,Bangalore,5181,Grocery,2,434.0,0,COD,76
92990,2024-06-30,10653,Pune,5040,Food,2,532.26,15,Card,91
92991,2024-04-05,10295,Delhi,5169,Electronics,1,138.59,5,COD,81
92992,2024-11-08,10205,Delhi,5108,Food,3,937.5,20,UPI,118
92993,2024-02-06,10205,Delhi,5142,Electronics,1,930.59,0,Card,42
92994,2024-11-13,10286,Chennai,5094,Grocery,1,810.27,10,UPI,71
92995,2024-03-23,10450,Chennai,5148,Food,2,664.63,15,UPI,92
92996,2024-05-17,10184,Delhi,5079,Fashion,1,753.29,10,COD,74
92997,2024-05-28,10527,Chennai,5180,Electronics,4,508.48,0,COD,56
92998,2024-10-16,10561,Hyderabad,5073,Food,3,362.03,10,UPI,59
92999,2024-10-02,10487,Hyderabad,5075,Grocery,3,137.98,15,COD,39
93000,2024-09-13,10624,Pune,5045,Electronics,2,199.85,0,Wallet,97
93001,2024-03-03,10312,Mumbai,5082,Food,3,906.04,10,Wallet,104
93002,2024-06-20,10256,Delhi,5135,Food,2,766.92,10,Wallet,98
93003,2024-06-04,10032,Pune,5192,Grocery,1,635.74,5,COD,113
93004,2024-01-07,10048,Bangalore,5056,Fashion,4,141.2,15,Card,104
93005,2024-02-03,10155,Delhi,5149,Fashion,3,1023.31,0,UPI,79
93006,2024-06-12,10680,Chennai,5012,Fashion,1,543.18,0,Card,39
93007,2024-12-09,10380,Bangalore,5007,Fashion,1,643.12,5,Card,31
93008,2024-12-24,10730,Mumbai,5039,Electronics,1,599.08,15,Card,23
93009,2024-03-28,10472,Delhi,5118,Fashion,3,906.63,20,Card,93
93010,2024-02-08,10285,Chennai,5008,Grocery,3,964.12,10,Card,36
93011,2024-08-26,10709,Bangalore,5113,Grocery,3,644.79,15,UPI,36
93012,2024-06-30,10365,Pune,5197,Food,1,528.29,5,Card,59
93013,2024-06-02,10196,Hyderabad,5117,Food,2,849.31,0,Card,103
93014,2024-09-04,10596,Chennai,5032,Fashion,4,403.59,20,COD,33
93015,2024-02-26,10142,Delhi,5003,Grocery,4,91.88,5,Wallet,76
93016,2024-12-04,10479,Bangalore,5183,Food,3,386.47,0,UPI,24
93017,2024-12-18,10336,Hyderabad,5058,Fashion,4,794.67,20,UPI,75
93018,2024-02-04,10099,Chennai,5056,Electronics,2,132.83,5,Wallet,76
93019,2024-04-08,10159,Delhi,5126,Grocery,2,569.64,5,UPI,90
93020,2024-05-21,10215,Chennai,5189,Grocery,2,633.67,5,Card,57
93021,2024-03-24,10078,Mumbai,5030,Grocery,4,487.56,5,Wallet,33
93022,2024-02-21,10179,Delhi,5131,Food,3,574.89,0,COD,71
93023,2024-05-11,10799,Chennai,5036,Electronics,4,709.01,0,Card,20
93024,2024-07-06,10027,Pune,5147,Electronics,4,219.31,0,COD,96
93025,2024-11-29,10648,Mumbai,5044,Grocery,1,291.58,10,COD,98
93026,2024-01-03,10129,Delhi,5058,Electronics,4,744.1,5,Wallet,94
93027,2024-01-14,10364,Mumbai,5077,Grocery,4,297.37,0,Wallet,60
93028,2024-08-05,10383,Pune,5147,Electronics,3,238.63,15,Wallet,96
93029,2024-07-08,10584,Pune,5071,Food,3,132.6,10,UPI,45
93030,2024-09-20,10751,Hyderabad,5138,Grocery,2,291.83,5,UPI,47
93031,2024-11-20,10592,Bangalore,5014,Grocery,1,524.66,0,COD,34
93032,2024-05-24,10498,Chennai,5012,Electronics,2,397.74,5,UPI,43
93033,2024-11-17,10659,Chennai,5005,Grocery,3,284.13,5,UPI,80
93034,2024-12-30,10197,Delhi,5174,Fashion,1,707.8,10,Card,43
93035,2024-05-14,10482,Mumbai,5010,Grocery,3,480.6,15,COD,62
93036,2024-05-03,10707,Bangalore,5113,Electronics,3,591.28,15,Wallet,42
93037,2024-12-17,10431,Delhi,5046,Electronics,1,834.56,10,UPI,79
93038,2024-08-11,10479,Bangalore,5116,Electronics,4,562.19,0,Card,119
93039,2024-04-22,10296,Bangalore,5151,Electronics,4,547.04,20,COD,62
93040,2024-08-12,10085,Pune,5130,Fashion,1,863.82,5,Wallet,41
93041,2024-09-28,10740,Pune,5053,Electronics,1,341.6,5,Wallet,100
93042,2024-04-28,10648,Mumbai,5017,Grocery,1,507.86,20,Wallet,74
93043,2024-03-04,10238,Chennai,5071,Fashion,1,102.52,0,Card,37
93044,2024-09-02,10447,Hyderabad,5074,Electronics,4,597.35,10,UPI,68
93045,2024-03-21,10391,Hyderabad,5092,Food,3,646.54,15,Card,109
93046,2024-10-22,10224,Bangalore,5021,Electronics,4,215.22,10,Card,112
93047,2024-09-26,10798,Delhi,5054,Food,4,291.6,0,UPI,49
93048,2024-08-11,10171,Mumbai,5158,Grocery,4,724.53,0,Wallet,102
93049,2024-04-21,10297,Pune,5179,Grocery,4,305.57,20,UPI,46
93050,2024-10-05,10203,Mumbai,5064,Fashion,3,933.11,15,UPI,65
93051,2024-09-22,10690,Bangalore,5054,Electronics,4,266.16,15,Wallet,92
93052,2024-09-18,10140,Bangalore,5118,Grocery,3,885.42,0,COD,94
93053,2024-09-17,10316,Chennai,5080,Food,4,655.55,5,Wallet,32
93054,2024-11-04,10648,Mumbai,5001,Electronics,4,726.87,20,Card,84
93055,2024-05-01,10549,Bangalore,5088,Grocery,3,131.88,15,Card,103
93056,2024-10-28,10687,Mumbai,5124,Grocery,4,201.51,0,UPI,66
93057,2024-01-19,10270,Bangalore,5130,Food,3,920.12,5,COD,60
93058,2024-05-20,10019,Pune,5115,Food,2,389.85,5,Wallet,89
93059,2024-03-12,10584,Pune,5014,Grocery,4,464.62,5,COD,90
93060,2024-12-01,10678,Hyderabad,5058,Fashion,3,744.12,15,COD,61
93061,2024-07-11,10112,Chennai,5026,Grocery,2,596.09,0,COD,55
93062,2024-05-31,10323,Delhi,5083,Food,4,484.26,0,Card,28
93063,2024-01-13,10414,Delhi,5096,Food,3,656.18,5,Wallet,82
93064,2024-12-03,10693,Delhi,5021,Electronics,1,232.35,15,Wallet,40
93065,2024-02-19,10706,Bangalore,5013,Grocery,3,220.0,20,Wallet,37
93066,2024-03-15,10114,Bangalore,5025,Food,4,517.63,0,Wallet,105
93067,2024-01-07,10188,Delhi,5030,Fashion,4,478.18,0,Wallet,89
93068,2024-03-01,10293,Delhi,5136,Grocery,1,294.92,5,UPI,24
93069,2024-07-27,10583,Hyderabad,5198,Food,2,785.4,0,Card,36
93070,2024-07-16,10700,Hyderabad,5079,Electronics,3,657.65,5,Card,77
93071,2024-11-08,10605,Bangalore,5100,Food,4,923.5,0,COD,61
93072,2024-12-10,10380,Bangalore,5063,Food,1,402.94,0,UPI,23
93073,2024-07-20,10217,Hyderabad,5080,Fashion,3,742.64,10,Wallet,87
93074,2024-10-24,10548,Chennai,5093,Food,1,605.23,0,Card,107
93075,2024-04-17,10439,Bangalore,5186,Fashion,2,231.9,20,Wallet,34
93076,2024-08-14,10193,Bangalore,5150,Food,2,114.23,0,Wallet,33
93077,2024-02-16,10296,Bangalore,5010,Grocery,4,552.47,5,Card,85
93078,2024-10-31,10255,Mumbai,5086,Fashion,1,485.26,0,COD,62
93079,2024-06-22,10265,Hyderabad,5194,Fashion,2,669.93,10,Wallet,87
93080,2024-07-20,10121,Delhi,5018,Grocery,2,912.61,5,COD,109
93081,2024-10-24,10110,Pune,5178,Fashion,3,771.4,10,Wallet,53
93082,2024-05-06,10755,Chennai,5108,Grocery,1,732.41,0,COD,63
93083,2024-11-30,10625,Hyderabad,5177,Food,4,817.33,5,Card,82
93084,2024-04-01,10339,Mumbai,5040,Grocery,3,539.75,15,COD,83
93085,2024-11-22,10100,Pune,5020,Grocery,2,677.86,20,Card,117
93086,2024-12-11,10179,Delhi,5063,Electronics,1,378.99,15,Card,73
93087,2024-05-17,10148,Mumbai,5200,Grocery,3,341.23,5,Card,60
93088,2024-01-27,10352,Pune,5064,Electronics,2,770.45,5,COD,63
93089,2024-02-29,10596,Chennai,5052,Food,1,349.77,0,Card,40
93090,2024-06-23,10060,Chennai,5063,Fashion,2,456.28,15,UPI,118
93091,2024-04-16,10271,Pune,5078,Electronics,2,208.94,0,Wallet,108
93092,2024-07-10,10598,Delhi,5084,Food,2,162.27,10,Wallet,26
93093,2024-11-08,10459,Delhi,5106,Electronics,1,698.66,15,Card,106
93094,2024-06-19,10668,Bangalore,5060,Electronics,2,251.41,0,COD,22
93095,2024-10-27,10524,Pune,5075,Food,1,97.36,15,Card,76
93096,2024-03-08,10667,Pune,5109,Grocery,3,784.13,10,Wallet,39
93097,2024-06-22,10740,Pune,5151,Food,2,617.76,0,Wallet,104
93098,2024-06-21,10410,Mumbai,5081,Fashion,4,125.71,15,Card,63
93099,2024-08-18,10744,Delhi,5148,Grocery,3,687.5,0,COD,116
93100,2024-10-28,10542,Bangalore,5125,Grocery,1,357.69,0,COD,46
93101,2024-09-11,10244,Mumbai,5008,Fashion,4,755.37,0,Card,39
93102,2024-11-03,10522,Hyderabad,5058,Food,1,632.05,0,Wallet,119
93103,2024-12-14,10761,Chennai,5118,Food,4,926.44,0,Card,108
93104,2024-10-27,10302,Chennai,5154,Grocery,3,372.67,20,Card,78
93105,2024-08-30,10679,Mumbai,5060,Food,3,205.98,5,COD,83
93106,2024-01-25,10270,Bangalore,5133,Grocery,3,839.93,5,Wallet,115
93107,2024-06-02,10525,Mumbai,5182,Food,2,184.92,5,Wallet,57
93108,2024-06-17,10219,Chennai,5055,Grocery,2,509.98,5,COD,38
93109,2024-11-27,10515,Chennai,5105,Grocery,3,947.21,5,Card,117
93110,2024-11-12,10270,Bangalore,5155,Grocery,3,581.51,10,Wallet,56
93111,2024-09-30,10707,Bangalore,5199,Fashion,1,373.72,10,Card,51
93112,2024-05-21,10785,Bangalore,5029,Grocery,4,279.46,20,UPI,21
93113,2024-09-16,10588,Hyderabad,5022,Fashion,4,159.82,0,Wallet,78
93114,2024-01-11,10071,Pune,5032,Food,1,450.47,15,Wallet,54
93115,2024-03-20,10007,Hyderabad,5059,Grocery,3,484.12,20,Wallet,93
93116,2024-05-08,10204,Bangalore,5042,Food,1,75.63,15,Card,26
93117,2024-06-13,10479,Bangalore,5181,Electronics,1,443.7,0,Wallet,38
93118,2024-05-18,10497,Mumbai,5147,Food,2,233.9,0,UPI,42
93119,2024-03-07,10280,Hyderabad,5145,Grocery,4,196.54,10,Wallet,89
93120,2024-02-20,10597,Bangalore,5009,Fashion,1,608.49,15,UPI,57
93121,2024-06-14,10545,Mumbai,5005,Grocery,3,249.93,10,UPI,32
93122,2024-12-11,10404,Mumbai,5198,Grocery,4,788.48,0,Wallet,45
93123,2024-10-15,10112,Chennai,5189,Grocery,4,709.87,0,UPI,33
93124,2024-04-26,10460,Hyderabad,5103,Food,4,660.83,10,Wallet,30
93125,2024-03-11,10591,Mumbai,5165,Electronics,1,525.34,5,COD,26
93126,2024-01-26,10410,Mumbai,5180,Electronics,3,523.93,5,Card,32
93127,2024-11-08,10144,Chennai,5016,Electronics,4,740.55,5,COD,98
93128,2024-10-18,10052,Pune,5175,Food,3,684.17,0,UPI,91
93129,2024-10-20,10743,Delhi,5185,Fashion,2,60.66,0,COD,46
93130,2024-11-10,10560,Mumbai,5198,Grocery,3,633.15,0,COD,91
93131,2024-07-20,10140,Bangalore,5079,Food,1,716.84,10,Wallet,71
93132,2024-03-08,10275,Mumbai,5164,Electronics,4,775.85,5,Wallet,28
93133,2024-08-16,10564,Bangalore,5089,Electronics,2,550.36,20,COD,37
93134,2024-10-05,10465,Pune,5020,Grocery,4,762.54,10,UPI,24
93135,2024-12-22,10284,Bangalore,5144,Food,4,319.3,20,Wallet,34
93136,2024-06-30,10300,Chennai,5196,Fashion,4,676.05,5,UPI,26
93137,2024-08-31,10297,Pune,5046,Grocery,1,790.51,20,Card,72
93138,2024-02-20,10360,Delhi,5012,Grocery,3,555.28,0,COD,54
93139,2024-04-01,10259,Pune,5091,Food,2,458.91,15,COD,49
93140,2024-11-15,10484,Hyderabad,5174,Grocery,2,718.64,10,Card,110
93141,2024-06-05,10452,Mumbai,5190,Electronics,3,974.61,15,COD,39
93142,2024-06-19,10578,Hyderabad,5040,Grocery,3,534.03,5,UPI,100
93143,2024-02-13,10775,Bangalore,5109,Food,3,630.83,15,Wallet,27
93144,2024-08-02,10394,Bangalore,5173,Grocery,1,474.16,10,COD,106
93145,2024-04-27,10772,Pune,5132,Electronics,4,184.33,5,UPI,74
93146,2024-08-25,10436,Pune,5065,Electronics,4,1038.68,15,COD,115
93147,2024-02-02,10514,Mumbai,5132,Electronics,2,195.75,0,Card,55
93148,2024-10-12,10399,Bangalore,5174,Grocery,3,693.41,10,COD,66
93149,2024-03-10,10295,Delhi,5049,Electronics,1,438.34,5,UPI,99
93150,2024-12-03,10367,Pune,5121,Electronics,1,724.67,0,UPI,115
93151,2024-12-09,10264,Delhi,5104,Food,1,562.39,15,Wallet,55
93152,2024-07-30,10291,Hyderabad,5094,Fashion,1,1036.66,20,UPI,29
93153,2024-07-09,10523,Pune,5109,Grocery,1,737.85,10,COD,91
93154,2024-02-09,10170,Bangalore,5023,Grocery,3,689.71,10,Card,44
93155,2024-01-19,10167,Hyderabad,5001,Electronics,1,607.78,20,Wallet,91
93156,2024-05-01,10264,Delhi,5072,Food,1,248.39,0,UPI,85
93157,2024-12-13,10427,Pune,5008,Fashion,4,942.93,10,COD,106
93158,2024-08-24,10050,Bangalore,5163,Grocery,4,246.48,5,COD,44
93159,2024-01-16,10427,Pune,5170,Food,4,567.77,15,UPI,34
93160,2024-05-27,10027,Pune,5070,Food,2,494.46,0,COD,111
93161,2024-01-20,10099,Chennai,5019,Food,4,590.59,5,COD,107
93162,2024-02-06,10215,Chennai,5112,Electronics,1,856.09,10,UPI,48
93163,2024-05-05,10649,Bangalore,5029,Electronics,4,299.13,10,Card,114
93164,2024-03-05,10130,Pune,5156,Food,2,826.05,20,Wallet,71
93165,2024-06-03,10612,Mumbai,5034,Electronics,1,327.41,10,COD,100
93166,2024-11-10,10589,Mumbai,5181,Food,4,421.44,15,COD,62
93167,2024-12-10,10673,Bangalore,5138,Fashion,2,398.14,5,Card,40
93168,2024-08-19,10059,Delhi,5069,Food,4,143.71,15,Wallet,118
93169,2024-12-02,10355,Pune,5098,Electronics,1,452.22,15,Wallet,59
93170,2024-07-03,10755,Chennai,5141,Grocery,4,242.24,5,UPI,48
93171,2024-08-26,10157,Hyderabad,5195,Fashion,4,166.78,20,COD,53
93172,2024-02-19,10303,Delhi,5005,Fashion,4,242.51,10,Wallet,36
93173,2024-10-27,10386,Hyderabad,5088,Food,1,163.48,0,Card,47
93174,2024-10-02,10402,Mumbai,5010,Grocery,2,651.91,15,UPI,38
93175,2024-03-27,10687,Mumbai,5055,Grocery,2,466.14,15,COD,105
93176,2024-12-23,10228,Delhi,5131,Grocery,1,542.52,0,COD,54
93177,2024-05-15,10354,Hyderabad,5004,Grocery,3,877.02,20,Wallet,39
93178,2024-11-02,10424,Hyderabad,5054,Food,1,289.21,10,COD,32
93179,2024-12-08,10211,Mumbai,5128,Fashion,2,419.38,10,COD,55
93180,2024-10-26,10671,Bangalore,5043,Electronics,4,242.6,15,Wallet,58
93181,2024-08-28,10637,Chennai,5178,Fashion,3,771.78,20,Wallet,35
93182,2024-06-23,10610,Hyderabad,5060,Grocery,3,263.64,5,Wallet,87
93183,2024-09-27,10634,Bangalore,5093,Fashion,1,569.95,0,Wallet,118
93184,2024-10-19,10270,Bangalore,5041,Grocery,4,160.38,0,UPI,85
93185,2024-04-04,10340,Delhi,5180,Grocery,3,458.78,5,COD,33
93186,2024-06-19,10062,Pune,5089,Electronics,3,451.83,0,UPI,105
93187,2024-06-06,10129,Delhi,5050,Food,1,127.1,20,Wallet,70
93188,2024-04-16,10757,Pune,5079,Electronics,1,788.46,5,Wallet,99
93189,2024-09-04,10014,Mumbai,5025,Electronics,2,615.45,15,UPI,80
93190,2024-01-29,10029,Delhi,5066,Electronics,1,580.26,10,UPI,25
93191,2024-03-16,10575,Delhi,5132,Food,1,194.74,0,Card,114
93192,2024-07-07,10697,Bangalore,5162,Fashion,4,387.37,10,Wallet,39
93193,2024-04-26,10082,Delhi,5075,Grocery,1,107.13,20,UPI,75
93194,2024-07-11,10603,Chennai,5078,Electronics,4,211.07,5,COD,113
93195,2024-03-27,10255,Mumbai,5008,Fashion,3,756.95,5,COD,40
93196,2024-09-18,10063,Mumbai,5134,Food,2,156.66,10,COD,22
93197,2024-09-19,10012,Chennai,5178,Grocery,3,901.81,0,Wallet,93
93198,2024-01-24,10442,Pune,5025,Electronics,4,526.07,5,Wallet,117
93199,2024-07-02,10799,Chennai,5071,Fashion,2,121.66,20,UPI,40
93200,2024-12-28,10363,Chennai,5091,Grocery,1,446.51,5,Card,25
93201,2024-05-28,10156,Mumbai,5006,Fashion,2,181.14,10,UPI,40
93202,2024-07-22,10738,Delhi,5026,Food,4,602.31,5,Card,76
93203,2024-01-10,10082,Delhi,5067,Fashion,2,176.43,10,Wallet,51
93204,2024-01-02,10501,Mumbai,5151,Food,2,451.13,5,COD,60
93205,2024-08-25,10509,Pune,5183,Fashion,3,295.3,20,Wallet,46
93206,2024-11-24,10337,Chennai,5197,Grocery,4,552.19,0,UPI,79
93207,2024-09-09,10555,Delhi,5134,Electronics,2,177.33,5,Card,96
93208,2024-08-23,10285,Chennai,5060,Grocery,2,201.04,10,COD,59
93209,2024-06-30,10082,Delhi,5168,Grocery,3,434.25,15,Wallet,102
93210,2024-07-21,10721,Bangalore,5115,Food,4,472.18,10,COD,111
93211,2024-04-19,10530,Bangalore,5163,Food,4,227.65,5,Card,33
93212,2024-04-25,10274,Mumbai,5094,Food,4,1043.71,5,Card,49
93213,2024-07-13,10210,Pune,5155,Food,1,615.59,15,Wallet,45
93214,2024-02-18,10521,Mumbai,5184,Grocery,2,228.66,15,Wallet,27
93215,2024-02-06,10350,Hyderabad,5088,Grocery,3,155.42,0,Wallet,28
93216,2024-01-27,10452,Mumbai,5180,Food,1,495.29,20,UPI,100
93217,2024-05-09,10291,Hyderabad,5026,Grocery,2,781.77,10,UPI,84
93218,2024-02-07,10499,Mumbai,5029,Fashion,1,238.67,10,COD,21
93219,2024-01-05,10783,Mumbai,5154,Fashion,1,425.29,10,UPI,66
93220,2024-01-20,10065,Mumbai,5029,Electronics,1,240.92,0,Wallet,56
93221,2024-09-17,10270,Bangalore,5111,Electronics,3,147.94,5,Card,89
93222,2024-04-02,10332,Mumbai,5195,Food,4,181.27,5,COD,32
93223,2024-04-01,10434,Pune,5169,Food,2,159.21,10,Wallet,116
93224,2024-07-05,10005,Pune,5023,Grocery,4,736.46,15,Card,93
93225,2024-08-23,10052,Pune,5144,Electronics,1,369.37,5,COD,59
93226,2024-03-07,10202,Chennai,5190,Food,2,888.11,10,Wallet,115
93227,2024-06-01,10733,Chennai,5019,Grocery,4,563.29,0,Card,108
93228,2024-04-23,10297,Pune,5018,Electronics,3,772.84,10,COD,51
93229,2024-03-22,10748,Chennai,5017,Fashion,1,549.23,0,UPI,22
93230,2024-09-30,10737,Hyderabad,5093,Fashion,4,510.58,0,Wallet,61
93231,2024-05-29,10379,Bangalore,5195,Fashion,4,189.57,0,Wallet,52
93232,2024-09-03,10261,Hyderabad,5082,Electronics,3,838.32,20,COD,30
93233,2024-04-18,10361,Chennai,5016,Grocery,4,641.95,5,Card,88
93234,2024-06-01,10638,Pune,5069,Grocery,2,132.05,20,UPI,101
93235,2024-01-19,10228,Delhi,5083,Grocery,2,605.46,0,COD,24
93236,2024-11-18,10586,Delhi,5105,Electronics,3,733.23,0,Card,23
93237,2024-12-02,10264,Delhi,5021,Food,4,191.28,5,COD,82
93238,2024-04-20,10081,Chennai,5008,Electronics,4,847.2,5,COD,106
93239,2024-04-09,10585,Hyderabad,5051,Fashion,1,977.4,20,UPI,99
93240,2024-10-06,10098,Delhi,5178,Grocery,4,1027.86,10,Wallet,95
93241,2024-02-01,10422,Bangalore,5134,Electronics,2,164.45,10,Wallet,46
93242,2024-08-13,10244,Mumbai,5184,Fashion,3,245.32,10,Wallet,115
93243,2024-09-08,10766,Delhi,5088,Electronics,2,146.64,0,Wallet,33
93244,2024-11-22,10464,Delhi,5130,Electronics,2,896.62,5,Card,90
93245,2024-03-05,10499,Mumbai,5108,Food,2,923.61,0,COD,79
93246,2024-10-29,10325,Pune,5157,Electronics,2,412.67,0,COD,71
93247,2024-11-04,10434,Pune,5042,Electronics,1,79.23,15,Card,31
93248,2024-12-09,10493,Bangalore,5105,Food,4,799.85,10,UPI,86
93249,2024-02-13,10772,Pune,5145,Food,4,253.07,0,UPI,48
93250,2024-04-18,10297,Pune,5176,Grocery,4,602.25,5,Card,43
93251,2024-11-20,10477,Bangalore,5013,Grocery,2,238.05,5,Card,94
93252,2024-02-28,10069,Bangalore,5192,Food,1,559.01,15,UPI,94
93253,2024-03-20,10038,Delhi,5091,Electronics,4,475.57,5,Card,40
93254,2024-04-27,10376,Delhi,5184,Food,3,240.8,15,UPI,40
93255,2024-08-08,10703,Delhi,5189,Fashion,4,584.88,0,Wallet,20
93256,2024-11-16,10775,Bangalore,5148,Food,2,527.83,0,Card,82
93257,2024-01-31,10007,Hyderabad,5046,Fashion,1,1020.75,0,UPI,58
93258,2024-06-04,10012,Chennai,5103,Electronics,1,603.38,5,COD,110
93259,2024-03-18,10727,Hyderabad,5122,Fashion,4,791.16,0,UPI,106
93260,2024-12-06,10724,Mumbai,5110,Grocery,1,841.69,5,Wallet,24
93261,2024-08-29,10680,Chennai,5074,Grocery,1,726.1,10,UPI,110
93262,2024-01-24,10707,Bangalore,5065,Electronics,2,1005.96,0,UPI,114
93263,2024-02-19,10370,Chennai,5090,Grocery,1,270.72,5,Card,37
93264,2024-02-08,10294,Delhi,5108,Grocery,3,764.53,0,COD,70
93265,2024-07-23,10639,Mumbai,5044,Grocery,4,288.93,0,UPI,43
93266,2024-09-23,10730,Mumbai,5066,Electronics,3,566.7,5,UPI,20
93267,2024-02-22,10165,Hyderabad,5027,Grocery,3,133.24,5,COD,36
93268,2024-06-26,10426,Hyderabad,5031,Electronics,2,158.76,5,COD,112
93269,2024-08-19,10003,Mumbai,5018,Grocery,1,808.36,0,UPI,38
93270,2024-04-28,10653,Pune,5065,Electronics,4,894.91,0,COD,83
93271,2024-01-28,10779,Bangalore,5131,Food,3,557.18,15,Card,96
93272,2024-09-18,10163,Pune,5031,Electronics,1,201.07,0,Card,68
93273,2024-01-16,10120,Chennai,5094,Grocery,1,974.3,0,Card,51
93274,2024-05-14,10090,Bangalore,5048,Grocery,2,141.02,15,Wallet,103
93275,2024-03-10,10242,Hyderabad,5112,Electronics,2,734.82,10,COD,40
93276,2024-06-11,10140,Bangalore,5192,Electronics,4,746.04,10,Card,106
93277,2024-12-24,10267,Hyderabad,5036,Grocery,4,696.49,0,COD,66
93278,2024-08-24,10332,Mumbai,5077,Food,2,258.33,0,Card,86
93279,2024-03-30,10033,Delhi,5122,Fashion,2,736.3,0,COD,35
93280,2024-12-18,10665,Mumbai,5033,Food,4,883.22,5,Wallet,78
93281,2024-12-11,10565,Chennai,5001,Food,4,666.74,0,UPI,23
93282,2024-03-05,10151,Bangalore,5013,Electronics,3,206.65,10,Wallet,57
93283,2024-10-29,10510,Chennai,5026,Fashion,1,702.37,5,Card,65
93284,2024-02-05,10596,Chennai,5102,Food,4,318.96,5,UPI,32
93285,2024-03-17,10104,Bangalore,5178,Food,2,932.1,0,UPI,115
93286,2024-10-29,10343,Bangalore,5093,Grocery,2,428.95,5,COD,68
93287,2024-06-16,10448,Chennai,5145,Food,2,201.97,0,UPI,31
93288,2024-04-08,10638,Pune,5184,Grocery,2,252.51,0,Wallet,113
93289,2024-07-18,10175,Delhi,5132,Electronics,4,158.04,15,UPI,35
93290,2024-08-10,10768,Hyderabad,5162,Fashion,1,312.76,5,Card,67
93291,2024-01-16,10569,Bangalore,5034,Fashion,2,364.16,5,Card,68
93292,2024-08-12,10756,Chennai,5145,Food,2,232.7,0,Card,90
93293,2024-03-06,10235,Hyderabad,5092,Grocery,3,760.43,15,Wallet,68
93294,2024-06-11,10753,Delhi,5182,Electronics,4,233.04,15,UPI,84
93295,2024-10-29,10705,Chennai,5165,Fashion,2,404.42,5,COD,84
93296,2024-12-02,10111,Chennai,5016,Fashion,1,624.04,10,COD,98
93297,2024-07-27,10675,Chennai,5176,Fashion,1,565.41,0,Card,65
93298,2024-09-29,10044,Chennai,5094,Food,3,780.86,15,UPI,98
93299,2024-10-01,10346,Bangalore,5074,Fashion,3,675.68,5,Wallet,40
93300,2024-02-15,10727,Hyderabad,5129,Grocery,1,944.66,10,UPI,45
93301,2024-08-08,10338,Hyderabad,5120,Food,2,287.26,0,Card,57
93302,2024-07-19,10026,Hyderabad,5002,Fashion,3,398.56,5,COD,108
93303,2024-03-15,10614,Delhi,5196,Fashion,3,606.1,10,Wallet,73
93304,2024-01-30,10426,Hyderabad,5112,Fashion,3,687.07,0,Card,100
93305,2024-11-06,10592,Bangalore,5133,Electronics,2,782.56,5,COD,49
93306,2024-03-19,10331,Pune,5078,Electronics,4,181.07,5,Card,61
93307,2024-09-05,10223,Bangalore,5060,Grocery,3,269.24,5,UPI,52
93308,2024-03-11,10794,Bangalore,5144,Food,2,292.4,5,Card,54
93309,2024-06-15,10246,Delhi,5187,Grocery,4,894.46,5,Card,39
93310,2024-03-28,10322,Hyderabad,5117,Electronics,1,937.18,15,Wallet,48
93311,2024-05-31,10775,Bangalore,5035,Fashion,2,989.53,5,UPI,54
93312,2024-11-14,10153,Chennai,5100,Electronics,1,988.83,15,COD,75
93313,2024-02-25,10361,Chennai,5086,Grocery,4,537.88,0,Card,113
93314,2024-08-02,10288,Hyderabad,5116,Electronics,4,541.52,5,COD,65
93315,2024-12-01,10195,Mumbai,5050,Food,1,150.17,20,UPI,111
93316,2024-07-23,10199,Hyderabad,5097,Fashion,2,808.68,20,Card,87
93317,2024-02-11,10016,Bangalore,5011,Fashion,3,551.95,0,Card,77
93318,2024-11-28,10078,Mumbai,5172,Fashion,4,275.43,5,COD,75
93319,2024-10-24,10519,Hyderabad,5034,Grocery,2,358.58,5,UPI,89
93320,2024-09-24,10123,Delhi,5196,Food,2,618.76,0,Wallet,96
93321,2024-04-20,10156,Mumbai,5103,Electronics,4,739.35,5,UPI,32
93322,2024-01-21,10450,Chennai,5055,Fashion,4,658.72,20,Wallet,27
93323,2024-06-08,10400,Chennai,5079,Fashion,4,786.31,5,UPI,84
93324,2024-08-02,10732,Hyderabad,5088,Fashion,4,141.15,15,Wallet,50
93325,2024-03-26,10749,Hyderabad,5050,Electronics,3,109.72,10,Card,98
93326,2024-04-17,10551,Hyderabad,5018,Food,1,730.5,0,COD,113
93327,2024-05-29,10608,Hyderabad,5076,Grocery,1,619.73,15,COD,32
93328,2024-08-25,10596,Chennai,5094,Grocery,3,911.66,5,UPI,87
93329,2024-11-18,10621,Delhi,5023,Grocery,4,806.68,5,COD,95
93330,2024-12-11,10627,Chennai,5159,Fashion,4,880.61,0,Wallet,40
93331,2024-03-04,10590,Pune,5122,Food,3,915.97,15,UPI,113
93332,2024-09-16,10384,Pune,5022,Grocery,1,165.02,5,UPI,69
93333,2024-06-30,10083,Hyderabad,5029,Fashion,1,254.08,0,UPI,119
93334,2024-07-22,10070,Chennai,5122,Food,2,772.5,15,UPI,89
93335,2024-10-05,10473,Delhi,5096,Electronics,1,627.39,5,Wallet,57
93336,2024-01-07,10341,Hyderabad,5160,Food,3,166.24,15,UPI,55
93337,2024-06-19,10772,Pune,5154,Fashion,1,388.23,10,COD,79
93338,2024-05-05,10122,Mumbai,5023,Fashion,1,627.08,0,Card,101
93339,2024-03-07,10477,Bangalore,5085,Fashion,3,390.2,0,COD,53
93340,2024-06-13,10397,Chennai,5145,Food,4,206.01,5,COD,30
93341,2024-05-02,10010,Mumbai,5141,Grocery,3,291.26,10,Wallet,94
93342,2024-07-03,10017,Hyderabad,5043,Fashion,1,278.28,0,Card,109
93343,2024-09-10,10435,Mumbai,5077,Electronics,3,301.36,0,UPI,117
93344,2024-02-07,10540,Bangalore,5181,Fashion,4,535.34,0,UPI,60
93345,2024-12-30,10406,Mumbai,5125,Grocery,2,323.98,0,UPI,86
93346,2024-05-11,10695,Pune,5032,Fashion,3,444.0,0,Card,61
93347,2024-07-20,10537,Hyderabad,5074,Grocery,3,866.65,20,UPI,110
93348,2024-10-25,10586,Delhi,5117,Fashion,4,699.45,20,COD,47
93349,2024-04-24,10438,Delhi,5050,Fashion,3,125.74,10,Card,116
93350,2024-09-05,10742,Hyderabad,5037,Food,4,115.76,10,Card,84
93351,2024-07-05,10229,Pune,5183,Grocery,1,383.17,0,Card,56
93352,2024-10-25,10131,Chennai,5184,Grocery,4,233.86,15,Card,20
93353,2024-07-06,10635,Chennai,5018,Electronics,3,699.76,20,Wallet,114
93354,2024-07-30,10752,Delhi,5174,Electronics,3,832.53,0,COD,62
93355,2024-12-14,10505,Mumbai,5050,Electronics,4,116.72,10,COD,30
93356,2024-08-18,10266,Chennai,5186,Electronics,2,238.32,0,UPI,59
93357,2024-05-14,10497,Mumbai,5032,Grocery,4,405.62,0,Wallet,88
93358,2024-02-29,10625,Hyderabad,5005,Grocery,1,269.14,10,Wallet,84
93359,2024-04-20,10761,Chennai,5017,Fashion,3,623.81,0,UPI,31
93360,2024-11-28,10553,Delhi,5090,Food,4,265.88,5,Card,115
93361,2024-02-09,10161,Mumbai,5127,Grocery,2,1064.8,15,UPI,20
93362,2024-07-07,10103,Mumbai,5168,Fashion,1,425.51,5,COD,90
93363,2024-02-18,10075,Hyderabad,5155,Food,4,700.21,10,UPI,54
93364,2024-01-28,10539,Pune,5072,Food,2,278.81,5,Wallet,48
93365,2024-11-29,10651,Delhi,5015,Fashion,4,169.46,5,COD,27
93366,2024-05-21,10149,Hyderabad,5120,Grocery,4,338.88,0,COD,30
93367,2024-01-05,10698,Chennai,5027,Grocery,3,152.91,10,Card,106
93368,2024-07-31,10188,Delhi,5173,Fashion,4,442.98,0,Card,74
93369,2024-02-13,10752,Delhi,5089,Fashion,1,499.47,5,Card,37
93370,2024-01-22,10120,Chennai,5105,Electronics,1,915.7,10,Card,85
93371,2024-04-22,10618,Mumbai,5021,Food,4,202.07,10,Card,25
93372,2024-04-30,10087,Pune,5147,Fashion,2,236.89,15,COD,94
93373,2024-05-25,10713,Mumbai,5007,Food,3,669.05,20,Card,80
93374,2024-07-26,10185,Hyderabad,5120,Grocery,4,264.33,5,UPI,80
93375,2024-10-11,10526,Chennai,5023,Fashion,4,765.16,0,Wallet,41
93376,2024-07-11,10555,Delhi,5122,Fashion,4,700.24,0,COD,113
93377,2024-06-13,10540,Bangalore,5016,Fashion,1,685.89,0,Card,68
93378,2024-05-26,10482,Mumbai,5004,Grocery,3,922.15,0,UPI,80
93379,2024-05-11,10190,Chennai,5097,Electronics,2,1116.51,0,COD,88
93380,2024-12-08,10318,Bangalore,5085,Electronics,4,447.82,10,Wallet,50
93381,2024-11-01,10216,Chennai,5157,Food,1,524.53,0,Card,81
93382,2024-02-01,10695,Pune,5074,Electronics,2,669.38,15,Card,24
93383,2024-11-14,10078,Mumbai,5197,Electronics,4,510.13,5,UPI,74
93384,2024-09-24,10301,Chennai,5096,Fashion,4,803.73,15,Card,94
93385,2024-05-07,10398,Pune,5187,Electronics,4,858.72,5,Wallet,48
93386,2024-09-08,10336,Hyderabad,5087,Fashion,1,338.95,10,COD,82
93387,2024-07-29,10498,Chennai,5162,Electronics,3,342.75,0,COD,53
93388,2024-07-21,10562,Pune,5075,Fashion,2,134.68,10,UPI,59
93389,2024-02-25,10266,Chennai,5180,Fashion,3,467.01,15,Card,101
93390,2024-04-25,10379,Bangalore,5074,Fashion,3,774.75,10,Wallet,21
93391,2024-04-17,10578,Hyderabad,5124,Grocery,3,269.82,15,Card,75
93392,2024-11-20,10249,Pune,5024,Fashion,1,405.45,0,COD,112
93393,2024-05-26,10705,Chennai,5029,Grocery,2,314.76,10,UPI,94
93394,2024-09-19,10265,Hyderabad,5180,Fashion,4,457.69,20,Card,59
93395,2024-08-17,10499,Mumbai,5020,Food,2,721.07,0,Card,92
93396,2024-10-26,10224,Bangalore,5165,Fashion,1,464.99,10,UPI,99
93397,2024-01-06,10660,Chennai,5074,Fashion,1,725.38,5,Wallet,31
93398,2024-08-27,10281,Bangalore,5111,Electronics,1,174.01,15,COD,75
93399,2024-03-01,10663,Pune,5199,Electronics,3,404.17,5,UPI,33
93400,2024-10-08,10396,Bangalore,5091,Food,3,565.17,20,UPI,91
93401,2024-10-30,10051,Mumbai,5165,Grocery,2,528.09,5,COD,24
93402,2024-04-08,10723,Chennai,5052,Food,1,389.67,15,COD,53
93403,2024-11-07,10038,Delhi,5179,Food,2,314.01,5,Wallet,38
93404,2024-02-23,10495,Bangalore,5057,Grocery,2,619.88,5,COD,56
93405,2024-09-27,10575,Delhi,5044,Fashion,2,286.88,20,Wallet,61
93406,2024-10-19,10714,Delhi,5168,Fashion,1,373.86,5,Card,87
93407,2024-08-25,10349,Hyderabad,5105,Electronics,4,866.39,0,Wallet,81
93408,2024-12-08,10452,Mumbai,5200,Grocery,4,411.65,5,COD,113
93409,2024-04-25,10329,Chennai,5141,Food,2,221.93,10,COD,48
93410,2024-07-14,10703,Delhi,5115,Fashion,3,501.57,15,Card,31
93411,2024-07-17,10317,Delhi,5077,Grocery,1,230.14,15,Wallet,113
93412,2024-02-07,10584,Pune,5001,Grocery,3,741.72,15,Wallet,55
93413,2024-05-07,10213,Mumbai,5082,Fashion,2,845.29,0,UPI,76
93414,2024-07-19,10659,Chennai,5127,Fashion,3,941.63,0,Wallet,47
93415,2024-12-22,10133,Bangalore,5195,Grocery,2,146.72,20,Card,83
93416,2024-05-26,10541,Delhi,5078,Grocery,2,195.13,0,Wallet,96
93417,2024-11-13,10186,Bangalore,5001,Food,4,788.17,0,Wallet,118
93418,2024-06-20,10555,Delhi,5041,Food,1,137.67,20,UPI,75
93419,2024-04-20,10659,Chennai,5002,Electronics,2,431.24,10,Wallet,101
93420,2024-08-02,10161,Mumbai,5042,Food,4,69.97,20,Wallet,110
93421,2024-01-24,10228,Delhi,5198,Food,1,665.82,20,COD,35
93422,2024-08-17,10775,Bangalore,5140,Fashion,1,469.54,5,Wallet,82
93423,2024-07-22,10056,Bangalore,5056,Food,1,138.6,15,UPI,56
93424,2024-03-11,10081,Chennai,5070,Electronics,4,604.94,10,UPI,54
93425,2024-01-09,10487,Hyderabad,5190,Electronics,2,766.2,0,Card,75
93426,2024-05-12,10289,Mumbai,5019,Food,2,447.73,0,UPI,51
93427,2024-03-05,10767,Chennai,5169,Electronics,4,128.14,5,Wallet,49
93428,2024-02-15,10776,Chennai,5099,Grocery,2,902.04,10,COD,49
93429,2024-05-09,10507,Delhi,5113,Grocery,4,486.88,15,UPI,114
93430,2024-01-26,10362,Bangalore,5120,Fashion,3,268.21,0,Card,108
93431,2024-02-07,10719,Mumbai,5151,Electronics,4,528.54,15,COD,70
93432,2024-03-16,10546,Delhi,5128,Electronics,3,381.09,0,Card,98
93433,2024-12-20,10719,Mumbai,5160,Grocery,2,146.41,0,COD,51
93434,2024-01-01,10669,Bangalore,5129,Food,4,952.51,0,Card,103
93435,2024-02-22,10403,Pune,5164,Fashion,3,780.55,0,Wallet,54
93436,2024-06-20,10157,Hyderabad,5057,Fashion,4,702.68,5,COD,95
93437,2024-09-23,10604,Bangalore,5167,Grocery,4,669.16,5,UPI,26
93438,2024-10-09,10563,Bangalore,5075,Grocery,3,114.5,0,Wallet,104
93439,2024-03-06,10295,Delhi,5116,Fashion,3,522.36,5,COD,24
93440,2024-09-08,10625,Hyderabad,5049,Food,2,391.29,20,UPI,102
93441,2024-05-08,10552,Chennai,5062,Food,1,602.65,0,Wallet,50
93442,2024-02-05,10288,Hyderabad,5104,Grocery,4,445.64,15,Wallet,48
93443,2024-05-22,10508,Mumbai,5063,Fashion,2,487.41,0,UPI,66
93444,2024-06-14,10055,Chennai,5051,Electronics,2,751.74,0,COD,65
93445,2024-05-29,10222,Bangalore,5059,Grocery,1,523.19,5,Wallet,75
93446,2024-08-27,10249,Pune,5046,Electronics,1,1090.0,20,Wallet,62
93447,2024-10-29,10532,Pune,5130,Electronics,3,767.46,15,Wallet,73
93448,2024-02-26,10757,Pune,5061,Grocery,3,697.99,10,Wallet,58
93449,2024-09-16,10406,Mumbai,5013,Food,4,242.96,20,Wallet,101
93450,2024-07-02,10287,Delhi,5072,Grocery,1,251.97,0,COD,103
93451,2024-03-07,10502,Mumbai,5077,Food,3,266.49,0,Wallet,116
93452,2024-11-30,10791,Hyderabad,5055,Grocery,4,484.12,20,UPI,61
93453,2024-02-09,10609,Mumbai,5093,Fashion,3,509.84,5,Card,26
93454,2024-06-02,10239,Chennai,5125,Electronics,2,269.01,0,Card,68
93455,2024-03-04,10764,Hyderabad,5076,Fashion,3,597.56,10,UPI,97
93456,2024-06-22,10750,Bangalore,5143,Electronics,2,210.63,0,UPI,23
93457,2024-08-01,10426,Hyderabad,5103,Fashion,3,772.39,5,Wallet,97
93458,2024-10-20,10179,Delhi,5090,Electronics,4,268.57,5,UPI,20
93459,2024-05-18,10341,Hyderabad,5123,Grocery,4,576.79,0,COD,78
93460,2024-01-09,10740,Pune,5065,Grocery,2,771.86,0,UPI,110
93461,2024-03-04,10192,Chennai,5050,Fashion,4,132.45,0,Wallet,43
93462,2024-08-16,10567,Delhi,5143,Grocery,1,191.81,15,Wallet,51
93463,2024-08-15,10623,Hyderabad,5030,Electronics,3,355.64,10,COD,83
93464,2024-11-03,10143,Hyderabad,5005,Grocery,1,300.1,15,COD,62
93465,2024-10-21,10416,Delhi,5092,Grocery,3,645.68,0,Card,63
93466,2024-08-08,10188,Delhi,5018,Fashion,3,968.89,20,COD,27
93467,2024-10-05,10580,Bangalore,5190,Electronics,1,836.68,0,Card,96
93468,2024-10-22,10397,Chennai,5169,Food,1,137.7,5,Card,78
93469,2024-12-29,10498,Chennai,5119,Grocery,4,846.24,0,Wallet,76
93470,2024-08-15,10307,Bangalore,5095,Electronics,3,548.65,5,Wallet,72
93471,2024-02-09,10685,Delhi,5064,Grocery,2,1063.39,15,UPI,85
93472,2024-04-02,10574,Bangalore,5133,Electronics,3,802.78,15,UPI,65
93473,2024-06-03,10070,Chennai,5008,Electronics,4,940.17,0,COD,93
93474,2024-10-22,10497,Mumbai,5017,Food,2,514.83,5,COD,58
93475,2024-11-28,10714,Delhi,5128,Grocery,3,428.21,15,Card,84
93476,2024-10-16,10789,Hyderabad,5155,Grocery,1,717.08,5,Card,49
93477,2024-05-07,10759,Mumbai,5004,Fashion,1,866.05,5,UPI,67
93478,2024-12-22,10641,Mumbai,5192,Food,2,651.99,20,COD,40
93479,2024-07-22,10030,Mumbai,5048,Electronics,4,166.62,0,COD,103
93480,2024-04-15,10093,Delhi,5085,Food,4,410.7,20,Card,112
93481,2024-04-27,10599,Pune,5168,Food,1,515.57,20,UPI,44
93482,2024-03-08,10404,Mumbai,5164,Food,4,712.32,20,UPI,23
93483,2024-05-01,10446,Hyderabad,5143,Grocery,3,155.53,15,COD,37
93484,2024-06-03,10610,Hyderabad,5148,Fashion,4,549.45,10,Wallet,37
93485,2024-12-05,10026,Hyderabad,5124,Electronics,1,255.07,5,Card,95
93486,2024-12-17,10495,Bangalore,5052,Electronics,1,372.14,0,UPI,97
93487,2024-05-13,10002,Delhi,5135,Food,4,881.52,10,Card,72
93488,2024-06-29,10528,Pune,5044,Grocery,1,327.94,5,COD,87
93489,2024-05-04,10530,Bangalore,5092,Electronics,4,773.45,10,Card,118
93490,2024-10-07,10672,Chennai,5044,Electronics,3,311.91,10,UPI,48
93491,2024-05-19,10358,Chennai,5142,Fashion,2,764.52,5,COD,29
93492,2024-04-25,10422,Bangalore,5046,Food,2,1099.78,5,UPI,65
93493,2024-11-01,10387,Hyderabad,5156,Electronics,1,978.59,0,COD,39
93494,2024-07-22,10172,Chennai,5074,Food,3,741.69,10,Card,91
93495,2024-09-29,10360,Delhi,5090,Food,4,298.28,20,UPI,66
93496,2024-07-26,10487,Hyderabad,5019,Fashion,1,530.19,5,COD,46
93497,2024-05-16,10671,Bangalore,5049,Grocery,2,449.11,10,UPI,26
93498,2024-10-22,10735,Chennai,5124,Fashion,2,268.97,0,Card,66
93499,2024-12-14,10005,Pune,5066,Fashion,2,553.23,15,UPI,68
93500,2024-06-12,10059,Delhi,5178,Food,2,1053.48,15,COD,37
